user_id,time,tweet
466804218,18:40:04,130 Billion for @Apple to play with. Do they use it to acquire @Huawei and the Chinese company's 5G infrastructure? Makes one think. #Curious $AAPL #WallStreet
14539324,18:30:05,@Apple is learning why shortcut #security is a bad idea.  https://buff.ly/2GAe4hu¬† pic.twitter.com/98eKXyhZm4
15497928,18:12:14,"Huge shout out to @Lucidworks @BKII & @iamwillhayes for donating 7 @Apple MacBooks to people in the @Career_Karma community doing the #21dayCkChallenge that want to become software engineers in 2019. From North Carolina to Silicon Valley, @Career_Karma is Nationwide! üì∏ @_8Heroes pic.twitter.com/Z0tT6fPdGm"
2735591,18:00:01,"üë©‚Äçüíª @Apple is No. 17 this year, for pushing its processors   http://f-st.co/kT6K6oJ¬† #FCMostInnovative pic.twitter.com/wqfyTT7O8v"
17283008,16:42:09,Looking for tips for managing #screentime ? @Apple has you covered with great tools to help you make the most of your devices and your family time:  https://www.urbanmommies.com/screen-time/¬†
8308222,16:33:58,Yeah it's actually a single snap into your stories.
14539324,15:30:16,"People like #iPhone SE, but @Apple doesn't seem to care.  https://buff.ly/2Eml5Al¬† pic.twitter.com/FrdGIjUDq3"
27052903,15:22:37,"New phones, new ear buds, new fitness bands, and now a new 5G phone. Biggest, best, cutting-edge. Hyperfast. Hyper-everything really. And now - smart home. I feel like I‚Äôm @Apple Apple event five years ago. Are you impressed? @SamsungMobile @usatodaytech #SamsungEvent pic.twitter.com/PlsyDo6sAR"
313379422,15:12:12,Been watching #SamsungEvent for the past hour and all I have to say is RIP @Apple. Samsung Galaxy S10+ is my next phone.
782310,15:10:52,HEY! THERES MORE NEWS COMING!
6629912,15:10:34,New #GalaxyBuds (@Samsung‚Äôs competitor to @Apple #AirPods) offer 6 hours of battery life for listening to music aa well as wireless charging. pic.twitter.com/NpKC2m8di4
167207845,15:09:25,"WHAT. You can charge the new Galaxy Buds wirelessly by placing them ON YOUR PHONE. #unpacked @Apple, whatcha got?  pic.twitter.com/sAdjvgCUjx"
14562685,15:05:25,MyPOV: catch up with @Apple. But probalbly higher quality and longer battery life.   #samsungEvent #unpacked #Unpacked2019 @SamsungMobile pic.twitter.com/Yphm2O1b9a
7765022,15:05:06,The @Apple Safari browser update that's driving marketers crazy  http://ow.ly/S6AI30nKTQz¬†
81891054,14:59:27,"By the way, the Huawei Mate 20 Pro also has the same type of wireless power sharing as the #GalaxyS10. As far as I'm concerned, this should become part of every high end phone (hint, hint @Apple) #Unpacked @CNET"
7555262,14:54:28,"Well if they do they're daft, because Samsung phones are pricey too"
8308222,14:50:54,"Head of @Instagram @adammosseri unveils the #GalaxyS10's Instagram mode... This is crazy, what an edge over @Apple. Dirty. #Unpacked #unpacked2019 pic.twitter.com/xEAeAra2JL"
48149559,14:28:23,@SmashDawg same mistake @apple did with the iPhone X. The S10 is a phone that would be obsolete in two months.
785522426,14:20:07,"We're thrilled to be one of the top #gaming companies named to @FastCompany's 2019 #MostInnovativeCompanies list alongside companies including the @NBA, @Apple, @Disney and @Sony! üí°Learn more about this award and our fellow honorees here:  http://bit.ly/2TbTjym¬† pic.twitter.com/o7kI1v03KG"
14117843,14:17:52,You're more productive than your phone allows you to be.
120001342,14:05:25,Same thing happened to me back in sept.  I was locked out of my apartment!
14562685,13:47:54,MyPOV: what‚Äôs the latest in the @Apple @SamsungMobile @samsung battle. Check out the POV from @rwang0 @connellmcshane @FoxBusiness  https://lnkd.in/gj_AjGg¬† #SamsungGalaxyS10 #SamsungUnpacked #Unpacked2019 #SamsungEvent #Unpacked #mwc19 #mwc2019 https://lnkd.in/gdnKp_K¬†
14562685,13:45:55,MyPOV: what‚Äôs the latest in the @Apple @SamsungMobile @samsung battle. Check out the POV fro. @connellmcshane @FoxBusiness  https://video.foxbusiness.com/v/6004738929001/#sp=show-clips¬†‚Ä¶ #SamsungGalaxyS10 #SamsungUnpacked #Unpacked2019 #SamsungEvent #Unpacked
4048438851,13:31:40,"Thrilled to be named one of the most innovative companies of 2019 by @FastCompany! Congrats to @Apple, @Google, @TeamKano and all the others! #WeFancy  https://www.fastcompany.com/company/starry¬† pic.twitter.com/Cxya6N9xbN"
22894243,13:01:01,"How @Apple and @Google are ""abetting gross violations of women‚Äôs rights,"" according to @CharlesJKenny of @CGD https://www.cgdev.org/blog/firms-profit-gender-apartheid-must-be-held-accountable#.XG2VbCfZ2wk.twitter¬†‚Ä¶"
106500748,12:23:44,"Here‚Äôs the outside of the venue for @samsung #unpacked2019. Samsung is hosting #unpacked in SF for the first time, and it chose the Bill Graham Auditorium. It‚Äôs a music venue, and @Apple had an event here a couple years ago  pic.twitter.com/2jmERgHnWS"
50685018,12:02:38,I think it is actually the code that changes you
14763734,11:15:00,.@Apple News is going to be launching a paid news aggregation service.  pic.twitter.com/XgfJAxAPYy
14946149,11:13:35,now look at your tabs!
14946149,11:04:29,tab 0 is the new inbox zero
106491684,10:26:54,Huge welcome to some of our partners and thank you for joining us for the launch of Fetch First Dates! @Snapchat @LoopMe @BlisGlobal @Teads @Apple @GroundTruthCo @tapjoy @VerizonMedia_UK @samba_tv @Captify @mediaguardian @weareogury @SpotifyUK @BlisGlobal pic.twitter.com/Swxa6AghvI
14294167,10:18:19,"Can the folks studying artificial intelligence, robotics, etc. redirect a few brains toward dentistry? We are still using power drills in our mouths in 2019. There's got to be a better way. Looking at you @elonmusk @apple @BillGates @iRobot @NASA @MIT @Harvard"
14784550,10:13:57,Hi Daniel! I am sorry to hear that we have let you down. I will share your request with our teams! ‚û≥Kelsey
43855487,10:10:00,"The ultimate goal of the multistep initiative, code-named ""Marzipan,"" is by 2021 to help developers build an app once and have it work on the iPhone, iPad and Mac computers  @Apple  https://mybs.in/2X3lks8¬†"
466888022,09:19:04,"@Apple's removal of the headphone jack is HANDS DOWN the most frustratung thing they've ever done. I have #AirPods. I love them. BUT I STILL NEED AN AUX sometimes, damnit! pic.twitter.com/RG8SWWb8qF"
1010181,08:33:18,Then their resource priorities are screwed up.
3343822695,08:30:02,Report: @Apple Is Planning a 16-Inch MacBook Pro   https://in.pcmag.com/apple-ipad-pro-129-inch-2018-1/128708/report-apple-is-planning-a-16-inch-macbook-pro¬†‚Ä¶ pic.twitter.com/DRsZXpQP8C
1010181,08:19:15,"Applause for @microsoft and its built-in feedback tool for Office/Mac. When I report an issue I get a quick response that‚Äôs actually useful, usually within a few hours. Other tech companies should emulate this. *cough* @apple *cough*  pic.twitter.com/thM8AeqTCA"
2231753876,08:16:18,"Ah, this must be those useful debating points you promised earlier."
2711212681,08:16:01,Can #smartwatches literally save lives?   Some users say 'yes'    https://buff.ly/2tqWlk2¬† #fintech #insurtech #BigData #AI #ArtificialIntelligence #MachineLearning #healthcare @dalvin_brown @USATODAY @fitbit @Apple  pic.twitter.com/x0aHxJyBlT
2231753876,08:05:41,"If that's good enough for you, so be it. We prefer to see the world for ourselves, not listen to others tell us about what we *could* see"
2231753876,08:00:31,Of course - that's why the brunt of our advocacy is for personal inquiry and trusting no one (ourselves included)
17064400,07:41:58,These images are based on patents filed by @Apple during Valentine's Day. Looks like Cupertino is mulling a foldable iPhone after all.  pic.twitter.com/XKO2ROAVN5
2231753876,07:38:36,It's a good thing they're not the only actor on the Unicode Consortium.
117595462,07:21:03,"While the S10 e needs to better the @apple iPhone XR in terms of overall quality, battery endurance and price. The event kicks off at 6pm. Follow it here and on the @buzzdotie Instagram Stories feed. In fairness, you won't be able to avoid this pre #MWC2019 launch online today."
14763734,07:00:00,.@Apple is launching original video content.  pic.twitter.com/WAMPaDvq9Q
402000136,06:00:01,Apple Group #FaceTime feature is still vulnerable even after the fix @Apple  https://www.gizbot.com/apps/news/apple-group-facetime-feature-is-still-vulnerable-even-after-the-fix-057761.html¬†‚Ä¶
2581857086,05:20:37,#Business can make you do a lot worse than this.  @Apple @Huawei https://hindi.newsroompost.com/tech/apple-trade-secret-huawei/388020.html¬†‚Ä¶
21661279,04:52:55,Jonathan Glazer directs epic flight commercial for @Apple Watch. The British director of Sexy Beast and Under The Skin reminds us of his advertising mastery with a commercial for Apple‚Äôs fourth-generation digiwatch  http://bit.ly/2twdybP¬† pic.twitter.com/BqWgymya1q
42382372,01:57:30,Are you also unable to add a third person on a #FaceTime call? @Apple #facetimebug https://www.firstpost.com/tech/news-analysis/apples-facetime-isnt-working-like-it-used-to-since-the-snooping-bug-discovery-6117001.html¬†‚Ä¶
218393576,01:44:19,"#DealsoftheDay: #Realme2Pro and #RedmiNote6Pro at Rs 11,700, @Apple #iPhoneXR at 66,499 and more  https://buff.ly/2V8gtDf¬† pic.twitter.com/kgkLTw7hH5"
218393576,01:41:48,".@Apple #iOS13 to ditch the volume HUD, which annoys a lot of iPhone users  https://buff.ly/2V5TQzp¬† pic.twitter.com/oT3C7Rqkxe"
284920800,00:42:15,We are expecting new models of the iPad and MacBook this year from @Apple.   https://www.news18.com/news/tech/apple-expected-to-refresh-ipad-macbook-pro-line-up-here-are-the-details-2042337.html¬†‚Ä¶
260634464,00:41:45,Expect refreshed models of the iPad and MacBook this year from @Apple.   https://www.news18.com/news/tech/apple-expected-to-refresh-ipad-macbook-pro-line-up-here-are-the-details-2042337.html¬†‚Ä¶
cosagov,2019-01-11,17:49:09,Hi Tito! Thanks for your input. One of our areas of focus is to increase the number of electric vehicles in the city fleet and expand the number of electric vehicle charging stations citywide.
tesla,2019-01-11,17:13:58,You can melt snow and ice and warm up your car by preconditioning before leaving the house. Just tap ‚ÄúClimate‚Äù in the Tesla app to set the temperature https://ts.la/preconditioning¬†
stonerokk,2019-01-11,16:14:31,Hey @Tesla - is the HEPA/bioweapon defense option not available anymore or just standard on all cars?
scottwww,2019-01-11,16:11:16,Less is more. Old auto companies will be the last to get that memo. @Tesla is leading the way.
tesla,2019-01-11,16:07:30,‚ÄúIt‚Äôs amazing to drive in all regards‚Äù   @KelleyBlueBook reviews Model 3
jchatterleycnn,2019-01-11,14:49:43,That‚Äôs exactly the point @CathieDWood makes during the interview...analysts/investors need to stop thinking about @Tesla as a pure auto company. Maybe the future is all about #battery power...the #AutonomousVehicles ecosystem? #debate #MarmiteStock @firstmove üåû https://twitter.com/albyva/status/1083808313144496131¬†‚Ä¶
carbajalphoto,2019-01-11,14:31:26,"Once, my finance professor at LMU advised me NOT to invest my small savings into this new start-up called @Tesla saying it would be a ""rookie mistake""... and sooo I didn't. Favorite college lesson."
digitaltrends,2019-01-11,13:50:02,"Expected to arrive in 2020, the all-wheel drive @Tesla Roadster boasts a spec sheet that would make a superbike jealous.   http://bit.ly/2D3WsaC¬†"
freedomworks,2019-01-11,13:45:00,How is a GOP Congressman able to have a lower carbon footprint than Al Gore if we haven't even passed the Green New Deal yet?  .@RepThomasMassie's @Tesla battery-powered home proves @GOP is the real party of science!  #ampFW via @TwitchyTeam https://bit.ly/2GYKJ1a¬†
clarkcountysch,2019-01-11,12:21:09,"Thanks to our phenomenal Public-Private Partnerships, üíô‚ú®üíô@ClarkCountySch students are given an opportunity to learn skills needed in the workforce. @audihenderson Findlay Valley Auto Mall, @SnaponInd, Ford, ACE, and @Tesla. #1ForKids pic.twitter.com/7pG9sFfgvu"
sunrun,2019-01-11,12:08:11,"@Sunrun ranks 1st @Comparably‚Äôs CEO ranking, Overall Culture Score, eNPS Score & Gender Score, beating competitors #VivintSmartHome, @solarcity, @Tesla, @SunPower & @sungevity. #PowerForward https://www.comparably.com/companies/sunrun/competitors?utm_source=comparably&utm_campaign=pagesocialshare&utm_medium=twitter¬†‚Ä¶"
digitaltrends,2019-01-11,11:01:10,Rocket technology will allow the 2020 @Tesla Roadster to hover above the road  http://bit.ly/2RLr9tq¬†
chinaeumission,2019-01-11,08:59:43,Premier Li Keqiang welcomes the opening of the new @Tesla facility in Shanghai. #electricvehicles contribute to #greentransition and sustainable development:  https://bit.ly/2VJAzVv¬† pic.twitter.com/dIkGEU59rH
spencerpumpelly,2019-01-11,08:01:29,Which one is that?
economictimes,2019-01-11,04:45:00,#Cadillac is expected to become @GM's lead #ElectricVehicle brand as the largest US automaker gears up to introduce a new model under that #luxury marquee to challenge @Tesla  https://goo.gl/QUZRXg¬†
financialreview,2019-01-11,04:30:00,Elon Musk says @Tesla's Roadster will replace rear seats with @SpaceX thrusters.  http://bit.ly/2AGGVfm¬† #Tesla $TSLA #tech
yicaichina,2019-01-11,03:40:48,General Motor aims to position @Cadillac as a leading EV brand to rival @Tesla. Cadillac will also be the first electrical car made using its upcoming next-generation #BEV3 platform. @GM pic.twitter.com/I7FvMHW5jC
tommyigoe,2019-01-11,02:20:16,üòÇüòÇüòÇüòÇüòÇüòÇ how many times  have we heard that. From every company.  @Tesla #Model3   Meanwhile I‚Äôm driving the finest car I‚Äôve ever driven. Period.
globaltimesnews,2019-01-11,02:20:01,#Tesla could become ‚Äúa participant in China‚Äôs further advancing reform and opening-up and promoter of the stability of Chinese-US relations‚Äù: Chinese Premier Li Keqiang  http://bit.ly/2QEHKdN¬† @Tesla @elonmusk pic.twitter.com/WYIcHhjUyM
cgtnofficial,2019-01-11,01:05:00,.@Tesla's Shanghai Gigafactory may pave way for cheaper cars  https://news.cgtn.com/news/3d3d674d3151544f31457a6333566d54/share_p.html¬†‚Ä¶
news18dotcom,2019-01-11,01:02:58,A Chicago law has filed a lawsuit against @Tesla alleging that its Model S sedan had a defective battery pack that caused the death of an 18-year old passenger.   https://www.news18.com/news/auto/tesla-sued-for-passenger-death-due-to-defective-battery-1998093.html¬†‚Ä¶
dna,2019-01-10,23:24:11,#China offers permanent citizenship to @Tesla 's boss @elonmusk  http://dnai.in/fSBX¬† pic.twitter.com/TOWTGH1Qm6
wolfejosh,2019-01-10,22:57:20,Please stop spreading FUD even if unintentionally. Last thing anyone needs right now is more stress or negative attention. We are about to launch a rocket to space we can be patient with a window. In the meantime let‚Äôs just be wise and not leave valuables in the backseat
yukonphilippe,2019-01-10,22:35:21,"It has on-board heat vents and also heated seats, same as a gas-powered car. It draws power from the  main battery same as for motion. Use of heat affects range but I couldn‚Äôt find info on this today"
gerberkawasaki,2019-01-10,21:58:28,Santa Monica is Tesla land. It‚Äôs a beautiful place to live and work.
137pm,2019-01-10,20:40:13,watch out @tesla... @Porsche is coming for you üëÄüëÄüëÄ pic.twitter.com/HYQsRMDTPB
leilanimunter,2019-01-10,20:06:32,"That‚Äôs the one, have you noticed the beautiful Koi fish in the pond?"
yukonphilippe,2019-01-10,18:37:18,"It‚Äôs winter in #Yukon, how is the territory‚Äôs first @Tesla doing at -30c? We checked in with Mike Simon, one of Canada‚Äôs northernmost drivers of an electric car.  pic.twitter.com/WwECw88QOR"
leilanimunter,2019-01-10,18:00:18,"I‚Äôve always loved this final @Tesla supercharger stop on my electric road trips to Daytona, there‚Äôs a pond behind the supercharger with some fish I always say hi to while Phoenix sips electrons for the final leg of the trip. This is my 9th electric road trip to Daytona in Phoenix  pic.twitter.com/jAMKiTwQ0y"
137pm,2019-01-10,18:00:06,fiiiiiiiiiiiiiiiiinally you can drive your @tesla around europe  pic.twitter.com/56hagGQwRY
designdistrict,2019-01-10,17:01:19,"Are you Tesla-ready? Welcome @Tesla to Paradise Plaza #atMDD. For directions and more, click the link:  http://bit.ly/2TEqnM7¬† pic.twitter.com/wPHap5oVZQ"
financialreview,2019-01-10,16:15:00,.@ElonMusk says @Tesla's Roadster will replace rear seats with @SpaceX thrusters.  http://bit.ly/2AGGVfm¬† #Tesla $TSLA #innovation
freedomworks,2019-01-10,15:30:08,How is a GOP Congressman able to have a lower carbon footprint than Al Gore if we haven't even passed the Green New Deal yet?  .@RepThomasMassie's @Tesla battery-powered home proves @GOP is the real party of science!  #ampFW via @TwitchyTeam https://bit.ly/2GYKJ1a¬†
rakeshagrawal,2019-01-10,14:11:50,Wait so how do you park and the get out. I guess I don‚Äôt know the details of how summon works (I have a pre summon tesla).
catclifford,2019-01-10,13:18:49,"When your to-do list includes terraforming Mars and connecting the human brain to a computer, building an electronic supercar that levitates is a reasonable endeavor, it would seem.  https://cnb.cx/2VLvbB4¬† @elonmusk @Tesla"
cmarinucci,2019-01-10,13:13:27,"Via @POLITICO PRO Tech: Chinese Premier Li Keqiang said he hopes American carmaker @Tesla can help drive the country's continued opening up, and even offered its controversial chief executive @ElonMusk Chinese permanent residency, according to the government's website."
dallmyd,2019-01-10,13:11:46,Team Raptors ‚ù§Ô∏èü§òüèª
grady_booch,2019-01-10,12:59:41,Now I get it! @elonmusk wants to put thrusters on a new generation of @Tesla cars so they can evade obstacles not on two dimensions but three!  https://twitter.com/arstechnica/status/1083422335800094720¬†‚Ä¶
caranddriver,2019-01-10,12:49:13,"At least in some markets, it has cameras instead of mirrors. https://www.caranddriver.com/news/a22037865/audi-reveals-e-tron-evs-interior-check-out-the-side-view-mirror-oled-screens/¬†‚Ä¶"
tesla,2019-01-10,12:10:23,"""I love road trips; Navigate on Autopilot makes them better‚Äù @Engadget experiences Autopilot https://www.youtube.com/watch?v=ni8QkK7_TqU¬†‚Ä¶"
caranddriver,2019-01-10,12:00:01,The 2021 @Rivian R1T is a 400-mile electric pickup truck @Tesla should watch out for.  http://crdrv.co/5J9boz4¬† pic.twitter.com/8mVpYWKGOc
mallofamerica,2019-01-10,11:19:57,Vroom! Vroom! Today is your LAST day to stop by Nordstrom Court to see the latest @Tesla model! üòé  pic.twitter.com/2yDgUEVTvo
caranddriver,2019-01-10,11:17:20,"The base 75D @Tesla Model S and X are no more, according to @ElonMusk:  http://crdrv.co/OEKj9gC¬† pic.twitter.com/3Z2yGM2MgE"
joelcomm,2019-01-10,11:11:26,Charge up your @Tesla or any electric car in just 2 hours! Tap to pay & manage what you need w/ the touch screen display.   http://Alibaba.com¬† is discounting featured products for #CES2019:  https://buff.ly/2FhTzWi¬† #AlibabaCES #Joelibaba @alibabagroup @AlibabaTalk pic.twitter.com/6LaNWzBYj2
etpanache,2019-01-10,10:15:00,".@Tesla has a big target on its back, as @Porsche, @AudiIN, and @JaguarUSA play catch-up to the electric leader. https://bit.ly/2sjVyAP¬†"
jorge_guajardo,2019-01-10,09:10:39,Would it be green or red?
entrepreneurind,2019-01-10,08:09:01,"10/01/2019: #BeyondIndia: Jeff Bezos‚Äô Throne in Trouble & Mark Zuckerberg Takes a Personal Challenge #4ThingsToKnow for #Entrepreneurs By: @SabharwalMohiet @JeffBezos, #MacKenzieBezos, @amazonIN, #MarkZuckerberg, @facebook, #Technology, @Tesla, @elonmusk, #Roadster, @AppleMusic pic.twitter.com/EtaKVkXI89"
patrickmcgee_,2019-01-10,07:09:01,"Crazy chart - and this is in a year when the @tesla story was about production problems. What happens when they meet their goals?  ""Its arrival is a game changer,"" says  http://EV-Volumes.com¬† #ev #electricvehicles @elonmusk pic.twitter.com/Iak5PZ46te"
xhnews,2019-01-10,07:00:07,"""We'd like to offer congratulations on the groundbreaking of @Tesla's Shanghai project,"" says FM spokesperson, adding that the project heralds China's further opening up  http://xhne.ws/o8Cu6¬† @elonmusk pic.twitter.com/cU2xyFWVVO"
goodwoodrrc,2019-01-10,05:08:00,Early Access: Get up close and personal with the @Tesla Model 3! #gwfirst https://www.goodwood.com/grrc/road/news/2019/1/video-a-complete-guide-to-the-tesla-model-3/¬†‚Ä¶
cnbctv18news,2019-01-10,05:06:05,.@Tesla to stop selling the lowest-range versions of its Model S sedans & Model X SUVs  https://www.cnbctv18.com/auto/tesla-to-retire-lowest-priced-versions-of-its-model-s-x-vehicles-1920951.htm¬†‚Ä¶
tech2eets,2019-01-10,04:51:19,".@Tesla will stop selling the base variants of its #ModelS sedans and #ModelX SUVs from 14 January onwards, @elonmusk said in a tweet. The starting price for the new Model S will be $94,000 and that of the Model X will be $97,000. https://www.firstpost.com/tech/news-analysis/tesla-to-stop-selling-the-base-variants-of-the-model-s-and-x-says-elon-musk-5869861.html¬†‚Ä¶"
biuk,2019-01-10,04:39:28,6‚É£ The family of a teenager killed in a 116 mph @Tesla crash is suing the company  https://www.businessinsider.com/tesla-sued-by-crash-victims-family-2019-1?r=US&IR=T¬†‚Ä¶
dakami,2019-01-10,04:12:44,Is XGBoost you guys cheering it on
jcpinwestlondon,2019-01-10,03:15:07,Front of House Manager @Tesla in #Heathrow  Info/Apply:   http://ow.ly/4KDx30ndhjT¬† #WestLondonJobs pic.twitter.com/FoN03teApY
joseph_desimone,2019-01-10,02:48:14,".@elonmusk I love my new Model S @Tesla !  Traded in 2014 P85; now have 75D, amazing! Nearly 50 early & proud Tesla engineers/techs now at @Carbon; our 3D printer has same DNA as S; Tesla STILL the only car with OTA software upgrades! Designed from ground up to be smart hardware! https://twitter.com/elonmusk/status/1083252225449840642¬†‚Ä¶"
globaltimesnews,2019-01-10,01:56:51,"US electric carmaker @Tesla Inc is betting heavily on the Chinese market, where the firm is facing tough competition, with a slew of operations, including building a Gigafactory and setting up dozens of companies.  http://bit.ly/2VIdFh5¬† pic.twitter.com/50VO9xRefI"
globaltimesnews,2019-01-10,01:07:42,".@Tesla has launched 15 companies and dozens of branches in China, with a registered capital of nearly $900m, said credit information provider Qixin. Chinese Premier Li Keqiang met @ElonMusk on Wed after it started construction of its $2b Gigafactory in Shanghai this week. pic.twitter.com/kUMXr30pHV"
whatsinside,2019-01-10,00:41:54,Let‚Äôs do it üèÅ   *as long as its not off-road
corbett,2019-01-10,00:17:28,Supervised machine learning: when my husband and I stand on each side of the garage watching our self driving @tesla like a hawk while it tries to drive itself in
tyrellcrosby,2019-01-09,20:09:00,Raptor life best life
ijustine,2019-01-09,20:07:57,When I get my Raptor.... LETS RACE!!
tommatzzie,2019-01-09,19:32:19,The show is really about marketing the future in some ways. Some like @Tesla have a platform for that. Others do not. Sunrun isn't a manufacturer so I wouldn't expect them here.
golovashkina,2019-01-09,19:25:57,"I need a @tesla. @elonmusk, can you help? pic.twitter.com/TBuMXkGuvs"
tyrellcrosby,2019-01-09,19:25:42,Mood pic.twitter.com/OFnuuXNZGL
dennishegstad,2019-01-09,19:11:11,"I live in DTLA in a building 2 blocks from my condo. No wifi option ever, or home charging, always at supercharging station..."
eftm,2019-01-09,18:54:53,Elon Musk says @Tesla Roadster will fly.   https://eftm.com/56182¬† pic.twitter.com/SagknDknXL
dennishegstad,2019-01-09,17:46:20,I still unfortunately don't have the latest OTA update on my tesla so i can't enable DashCam yet. I'm seeing all my friends using Dash cam + romance mode (very unimportant to me) but I haven't been provided that update yet... bought my Model 3 dual range performance on Nov 9th.
dennishegstad,2019-01-09,17:37:28,its the front right of the headlight/hood to the edge of the fronk.
dennishegstad,2019-01-09,17:35:18,It's all good. I'm going to spend $600 to replace a headlight and the scratch / paint. Just annoyed someone did this cuz i was using autopilot and they were jealous? mad? Not sure... TSLA built in America just like his Ford truck. #hatersgonnahate
dennishegstad,2019-01-09,17:22:59,"also, would be a nice upgrade if @tesla offered PPF or ceramic coat option before taking ownership, my car is 60 days old today and this happened yesterday in Los Angeles :(  https://twitter.com/dennishegstad/status/1082720549103534080¬†‚Ä¶"
talanez,2019-01-09,17:17:10,"Teen's parents had @Tesla install a device to prevent the car from going faster than 85 mph. Employee removed it without them knowing it, lawsuit says.   http://bit.ly/2He30Yi¬† #wrongfuldeath"
steinlauf,2019-01-09,16:03:58,Are Car Wraps Worth It? We wrapped our #LongTerm @tesla Model 3 to find out for out for ourselves @Edmunds.  Check out the video from @Mark_Takahashi to see what he thinks. https://youtu.be/zTt_oGhxeKg¬†
smarty,2019-01-09,15:34:24,This just means that the first version of the @Tesla Fridge will have self-closing doors.
freedomworks,2019-01-09,15:30:04,How is a GOP Congressman able to have a lower carbon footprint than Al Gore if we haven't even passed the Green New Deal yet?  .@RepThomasMassie's @Tesla battery-powered home proves @GOP is the real party of science!  #ampFW via @TwitchyTeam https://bit.ly/2GYKJ1a¬†
stshank,2019-01-09,14:16:19,"Driving west from Las Vegas to SF Bay Area, we saw 14 @Tesla Model 3 delivery trucks headed east, 8 cars apiece ‚Äî total of 112 cars going out for sale. Here's a photo of the truck we saw while driving east on I-40 a few days earlier. (Tesla cars are made nearby in Fremont, CA.)  pic.twitter.com/C5QfTp4S5s"
danpriceseattle,2019-01-09,12:50:27,Around 50k
danpriceseattle,2019-01-09,12:50:07,"I am kinda jealous of her for the car, but she is a great mom."
dmc_ryan,2019-01-09,12:42:40,Already did it a couple shows ago. üòâ
scottwww,2019-01-09,12:36:03,"Today‚Äôs @Tesla FUD and click-bait article comes to you from @lucaslaursen for Forbes (after many other anti-Tesla stories) who cites 5 year old sources and doesn‚Äôt get that there are over 150,000 gas car fires per year in the US alone. $TSLA @mayemusk  https://www.nfpa.org/Public-Education/By-topic/Property-type-and-vehicles/Vehicles¬†‚Ä¶"
tonybesson,2019-01-09,11:39:41,I had a Subaru STI and ‚Äò69 Bronco before. The STI was actually more a month likely because the average owner is less than 22yrs old.  My Bronco‚Äôs insurance was practically free because it falls under classic insurance pricing.
tonybesson,2019-01-09,11:30:28,"Haven‚Äôt had to, yet. Just got them checked."
tonybesson,2019-01-09,11:29:57,"yup! My brakes are still good, as well."
tonybesson,2019-01-09,11:29:23,My first set lasted to 42k miles and I drive it pretty aggressively. Purchased some high performance tires that only lasted 5k miles before switching back to factory tires.
tonybesson,2019-01-09,11:26:26,I‚Äôve purchased a new set of tires. That‚Äôs it.
tesla,2019-01-09,11:18:28,"In 2018, renewables overtook coal as Germany‚Äôs main energy source https://www.reuters.com/article/us-germany-power-renewables/renewables-overtake-coal-as-germanys-main-energy-source-idUSKCN1OX0U2¬†‚Ä¶"
natbullard,2019-01-09,10:30:32,"as @colinmckerrache says, all other vehicle model/brand sales were pretty much as expected. @Tesla's ramp-up was quite uncertain in early 2018, but it did indeed ramp up enough to ship 140k Model 3s in the U.S."
natbullard,2019-01-09,10:30:32,"And @Tesla was indeed the wild card. In November, @colinmckerrache @SalimMorsy and team revised our North America EV sales projection up to 385k, 341k of that in U.S.   @InsideEVs says 361k for the U.S. https://insideevs.com/december-2018-u-s-plug-in-ev-sales-report-card/¬†‚Ä¶"
globaltimesnews,2019-01-09,09:45:30,Chinese Premier Li Keqiang met with @Tesla CEO @elonmusk in Beijing on Wednesday and congratulated him on the groundbreaking of Tesla‚Äôs #Gigafactory in #Shanghai: official statement. Photo: Yang Hui/GT pic.twitter.com/OhfYVUMWDf
cdwcorp,2019-01-09,08:00:06,"Congress is getting serious about #autonomousvehicles. With the #AV Start Act, #data would be collected on crash information for Level 2 systems like @Tesla‚Äôs Autopilot. Read more from @verge: https://cdw.io/ntRQ6a¬†"
tictoc,2019-01-09,05:45:20,"""We want to make this factory extremely environmentally sustainable.""  @elonmusk has big dreams for @Tesla‚Äôs new gigafactory in Shanghai #TeslaChina  https://bloom.bg/2C4U5mn¬† pic.twitter.com/o9bWA9TyQI"
foundr,2019-01-09,05:00:45,Who doesn't love @Tesla? üöÄ  pic.twitter.com/ziF5IGYEOi
robindbrant,2019-01-09,02:39:49,Trying to work out if this will be welcomed by @USTradeRep or will further entrench views. @Tesla new plant not a JV but it kind of is #china https://twitter.com/YuanTalks/status/1082692631996448768¬†‚Ä¶
danpriceseattle,2019-01-09,01:04:44,Awesome!
danpriceseattle,2019-01-09,01:04:38,Amazing
thestaceyroy,2019-01-09,00:25:54,I really do!
moneycontrolcom,2019-01-08,23:39:57,"Larry Ellison, the founder of Oracle Corporation, has acquired 3 million @Tesla shares for $1 billion  https://www.moneycontrol.com/news/business/oracle-founder-larry-ellison-acquires-1-75-stake-in-elon-musks-tesla-for-1-billion-3368061.html¬†‚Ä¶"
snazzyq,2019-01-08,23:30:31,It looks much better on the S/X.
danahull,2019-01-08,23:23:26,Yes I have asked Tesla for wheel time
jason,2019-01-08,23:20:47,"On my way back from Tahoe, after driving through a blizzard, stopped my model 3 and got over 400 mph added!!!!! Insane.   Same experience, need 30 minutes to continue trip... spent 40 minutes getting lunch and using the facilities.   #rangeanxiety is over! pic.twitter.com/AFyssLFOhm"
gerberkawasaki,2019-01-08,22:48:19,6 months with my #teslamodel3 Not one issue. Love the car.
jason,2019-01-08,22:40:27,I wouldn‚Äôt worry about quality issues with the Model 3. Tesla always dials it in and delights customers in the end. They come to you and fix stuff with their @Tesla rangers program.   The press is super negative and the customers are obsessed with the product. Product wins!
therideshareguy,2019-01-08,22:33:45,"Get a vantrue n2 pro, it has parking mode. Tesla dash cam is super beta still, not too trustworthy."
financialreview,2019-01-08,21:50:00,Parents of teen killed in Florida crash sue @Tesla over alleged defective battery.  http://bit.ly/2SJNIvI¬† #tesla $TSLA #cars
comed,2019-01-08,20:35:38,We're sorry for the interruption! Please report your outage by going to  http://ComEd.com/Report¬† or you can tweet #OUT @ComEd.
dennishegstad,2019-01-08,19:12:59,thank you! thats the plan for sure. hoping i can get it fixed for ~$250-$300 in an hour or so.
rwang0,2019-01-08,19:11:05,MyPOV: @tesla mobile service.
rwang0,2019-01-08,19:08:54,MyPOV: here‚Äôs the future of service. Mobile fuel service. @Tesla  pic.twitter.com/SuW9iViu5F
cbsmiami,2019-01-08,18:46:03,Parents of teen killed in Lauderdale Tesla crash file lawsuit  https://cbsloc.al/2AEeXkt¬† #Lauderdale #FortLauderdale #Tesla #TeslaLawsuit #SouthFlorida #ElectricCar @Tesla
energypnnl,2019-01-08,18:30:12,171 years before @Tesla: The evolution of #ElectricVehicles.  http://snip.ly/282jnt¬† @business #vehicles #batteries #Transportation #fuelefficiency pic.twitter.com/Ff4zw67IWC
porsche,2019-01-08,18:19:12,"We are incredibly sorry to hear about your Porsche service experience. If you would allow us the opportunity to look into this further, please DM us your full name, contact information, VIN, Porsche dealer, and how we can may be of assistance. #PorscheCares -LS"
jaredmecham,2019-01-08,18:16:29,Boom. Tow anything.
jaredmecham,2019-01-08,18:08:38,@elonmusk Hi! What class will the @Tesla  truck be? Will it be a class-1 like the Toyota Tacoma or will it be a class-2 like a Ford F-150?
danpriceseattle,2019-01-08,16:49:22,Road trip maybe!!
danpriceseattle,2019-01-08,16:14:07,"Hey @elonmusk I got my mom a new @tesla model 3 for Christmas. She loves it! Please send my thank you to the entire team. I appreciate you, sir!  pic.twitter.com/EnKoHXrdPu"
jeremiahjw,2019-01-08,15:59:25,The @Tesla Model 3 has the most luxurious-feeling seats.  pic.twitter.com/Hl1uGNfx2D
dennishegstad,2019-01-08,15:44:05,Out with the old bad attitude people who feel the need to attack electric cars smh. I can pay to fix my car; that guy can‚Äôt pay to fix his attitude.
freedomworks,2019-01-08,15:30:07,Kentucky @RepThomasMassie just proved once and for all that the GOP is the real party of science as he showed off his @Tesla battery-powered home. #ampFW via @TwitchyTeam https://bit.ly/2GYKJ1a¬†
larrymagid,2019-01-08,15:22:48,Thanks for your feedback. Gratifying to know that others agree. Hope that @elonmusk and others from @Tesla are listening.  https://twitter.com/teslaamit519/status/1082661607761686535¬†‚Ä¶
dennishegstad,2019-01-08,14:31:39,Haters gonna hate. Sucks for me but his attitude is even worse.
dennishegstad,2019-01-08,14:31:07,I don‚Äôt think many dudes in trucks like to see people younger than them driving on autopilot on the highway I guess. Upset I don‚Äôt have dash cam installed yet with their license plate. Probably a $600-$1000 repair I‚Äôm guessing.
flyosity,2019-01-08,14:29:42,DUDE that sucks!
dennishegstad,2019-01-08,14:27:49,"wow I was just driving on the 101 in Hollywood and a guy in a truck looked at my @Tesla and threw a rock at my hood going 65 mph. love my new scratches, appreciate the hate. What‚Äôs the best place to get this fixed? @elonmusk pic.twitter.com/fcJPj8wJHS"
tomi,2019-01-08,14:19:24,Raise your hand if you think $TSLA is NOT recognizing a sizable portion of FSD revenue on some BS assumption on how close they are
scottwww,2019-01-08,14:17:37,"Please fix this behavior, @tesla, where the music app always takes over the screen. Make it an option. Thx.  https://forums.tesla.com/forum/forums/media-center-automatically-appears-start¬†‚Ä¶"
mayemusk,2019-01-08,13:50:55,"Another excellent report by @cleantechnica 48 negative @Tesla headlines lead by #Bloomberg (11) @business , 31 positive. Only negative headlines by @latimes @nytimes @nypost @WIRED @BBCBreaking Keep sharing positive news. #Pravduh #CleanEnergyWillWin https://twitter.com/cleantechnica/status/1082516251455434752¬†‚Ä¶"
therideshareguy,2019-01-08,13:41:49,We're gonna chat about his exp picking up Uber pax in a @tesla model 3!  Any questions you'd like to ask him?
rwang0,2019-01-08,13:39:14,MyPOV: what‚Äôs behind the big screen of the @Tesla #modelS ans #modelX. Here you go. #svlife pic.twitter.com/pFNuyiB1J4
ewatts78,2019-01-08,13:05:14,"I wonder why there isn't a Supercharger in Phoenix, Tempe or Chandler. @Tesla"
cbmrob,2019-01-08,12:14:01,Hey @elonmusk there are 3 @Tesla owners in this group and 1 former employee.  You should join our next @ametsoc conference.  Lots of support in our community. https://twitter.com/JohnMoralesNBC6/status/1082674743734558720¬†‚Ä¶
sheetz,2019-01-08,11:56:01,we're glad that we are a nice way to remember the good times with your grandma and grandpa üíï
jaredmecham,2019-01-08,11:14:35,Ooohhhh. I would LOVE to see that @Tesla truck unveiling! Who's with me?  https://twitter.com/tsrandall/status/1082326939224936448¬†‚Ä¶
forbesme,2019-01-08,11:00:30,Elon Musk Accelerates Tesla's China Strategy With Shanghai Gigafactory Groundbreaking  https://goo.gl/jZz21k¬† @Tesla @elonmusk @Model3Tesla pic.twitter.com/pe8IymRwy1
airlineflyer,2019-01-08,10:38:22,"The one time I drove a Tesla on autopilot it was VERY easy to forget that it has absolutely no idea about stop signs or the status of a traffic light. Without those features, we're a longgggg way from fully autonomous vehicles."
jcpinheathrow,2019-01-08,10:30:21,Mobile Technician @Tesla #Heathrow Airport Info/Apply  http://ow.ly/DaDT30ndhuU¬† #Airportjobs #Carjobs pic.twitter.com/SGHD46Kxna
digitaltrends,2019-01-08,10:25:20,This will be the third 'Gigafactory' for @Tesla.    http://bit.ly/2VD5xyH¬†
dennishegstad,2019-01-08,09:38:17,Wouldn‚Äôt there need additional hardware install at some small capacity? Still waiting on spoiler too... ü§î
globaltimesnews,2019-01-08,09:20:03,"China has permitted @Tesla ‚Äôs sole proprietorship of the factory, which is of great significance in China‚Äôs opening-up and will positively influence future #ChinaUS relations. (Photo: Yang Hui/GT)  http://bit.ly/2QwtWC9¬† pic.twitter.com/rI9ynKTWpi"
danielmunoz100,2019-01-08,09:09:29,".@Tesla, which had #ElectricVehicle charging stations at Golden Nugget & Borgata, banned from doing business with #NJ casinos, state gaming regulators say http://www.njbiz.com/article/20190108/NJBIZ01/190109879/tesla-barred-from-doing-business-with-nj-casinos-for-next-5-years¬†‚Ä¶"
carandbike,2019-01-08,08:12:48,.@Tesla has raised $ 1 Billion from Oracle's Larry Ellison in the latest round of funding. Details here.  https://auto.ndtv.com/news/oracles-larry-ellison-invests-1-billion-in-tesla-1974634¬†‚Ä¶
arckitmodel,2019-01-08,06:47:24,I can visualize lots of miniature @teslamotors cars in their little Arckit/Tesla showrooms. What do you say @elonmusk @Tesla @TeslaIreland ?
scmpnews,2019-01-08,05:35:00,This is @Tesla‚Äôs first overseas factory and China's first wholly foreign-owned car plant. @elonmusk plans to start making Model 3s here by the end of 2019.  https://sc.mp/0xiyl¬† pic.twitter.com/VzpgeOveRg
scobleizer,2019-01-08,04:31:22,I'm not at CES this year.
digitaltrends,2019-01-08,02:31:06,Elon Musk breaks ground on the first @Tesla factory outside the U.S.  http://bit.ly/2RAoRgz¬†
mileiq,2019-01-08,01:54:00,What to know about the electric car tax creding (including the @tesla tax credit)    http://msft.social/2R5M5e¬†
scmpnews,2019-01-08,01:35:00,This is @Tesla‚Äôs first overseas factory and China's first wholly foreign-owned car plant. @elonmusk plans to start making Model 3s here by the end of 2019.  https://sc.mp/0xiyl¬† pic.twitter.com/YMu1iGrOM5
cbslasuzie,2019-01-08,00:52:52,@redturn2 takes on the #birdboxchallenge and a robot ü§ñ killed by a @Tesla ? Join us at 10 on #kcal9 @cbsla @JeffVaughn @1GarthKemp
news18tech,2019-01-08,00:21:32,"In what is being speculated an over-the-top PR stunt, Promobot revealed one of its model v4 robots was ‚Äòkilled‚Äô by a Tesla Model S on a Las Vegas street. @Tesla @elonmusk @CES #CES2019 https://www.news18.com/news/tech/tesla-involved-in-yet-another-accident-hits-humanoid-robot-in-las-vegas-1994989.html¬†‚Ä¶"
globaltimesnews,2019-01-08,00:20:00,"Amid @Tesla groundbreaking ceremony on Monday on its Gigafactory in Shanghai, the firm should think about its localization of the supply chain eventually. @elonmusk  http://bit.ly/2FhMqVa¬† pic.twitter.com/SvZHzuWzUI"
ajwvictoriabc,2019-01-07,23:05:08,Tesla were trend setters.
scmpnews,2019-01-07,21:35:00,This is @Tesla‚Äôs first overseas factory and China's first wholly foreign-owned car plant. @elonmusk plans to start making Model 3s here by the end of 2019.  https://sc.mp/0xiyl¬† pic.twitter.com/HajV7kYAVE
mileiq,2019-01-07,19:21:00,What to know about the electric car tax creding (including the @tesla tax credit)    http://msft.social/Adcc8g¬†
dennishegstad,2019-01-07,19:15:32,Still hasn‚Äôt come yet üëÄ got that ‚ÄúWIFI LIT‚Äù hopefully coming soon
dennishegstad,2019-01-07,19:01:31,Small things you‚Äôd expect your @Tesla to have. Push & release (electric?) trunk closing. I hate putting my finger prints on the frunk & trunk every time I open and close.  pic.twitter.com/2oX0iF9Vu8
minetatrans,2019-01-07,18:30:12,"Join Francesca Wahl of @Tesla presenting the company's mission, history & vision including perspectives on local issues important for increasing Electric Vehicle deployment across the Bay Area & California Jan 8th.  http://ow.ly/B4Dc30ne1yu¬† @SJSU @SanJoseDOT @VTA @limebike"
snazzyq,2019-01-07,18:27:48,"Yes. But if you do the math, it would take years of charging 2x per week to hit that $5K."
snazzyq,2019-01-07,18:26:56,"If you email support, they‚Äôll refund in exchange for revocation of unlimited Supercharging."
snazzyq,2019-01-07,18:13:32,Nope.
scmpnews,2019-01-07,17:35:00,This is @Tesla‚Äôs first overseas factory and China's first wholly foreign-owned car plant. @elonmusk plans to start making Model 3s here by the end of 2019.  https://sc.mp/0xiyl¬† pic.twitter.com/cGBbUwvCSA
jcpinheathrow,2019-01-07,17:30:13,Front of House Manager @Tesla in Heathrow   Info/Apply  http://ow.ly/XnWd30n1OK0¬† #Airportjobs pic.twitter.com/UUN7YUYN2c
ryannegri,2019-01-07,17:19:31,None of this had to do with twitter btw. I texted my Tesla tech on Sunday but he was OOO. got back to me this am and came up in between appts. I tipped him when he was done too.
david_stringer,2019-01-07,16:59:49,"On the outskirts of Shanghai, @Zoeyzhangyan wades through the boggy field where @Tesla will ramp up its work to target the world's top car market:  https://www.bloomberg.com/news/articles/2019-01-07/elon-musk-sees-a-future-in-china-for-tesla-and-it-s-muddy¬†‚Ä¶ pic.twitter.com/QlANTaIPK0"
sheetz,2019-01-07,16:51:02,"LOVE those wheels!  And you're welcome, Karinda!  Gotta give the people what they want üòä"
valaafshar,2019-01-07,15:49:49,This is how @Tesla's are made #CES2019 pic.twitter.com/TtOyRRUYaP
aarongreenberg,2019-01-07,15:44:56,"I cannot tell you have much this one meant to me, so impressed with how well it turned out, you all were great to work with. I am going to build a new display case just to showcase this work of art. Thank you!! üôèüíö"
ieeeusa,2019-01-07,15:40:00,"Just another in a series of snafus the company has experienced this past year, @Tesla falls short of #market expectations despite tripling deliveries. via @guardian https://www.theguardian.com/technology/2019/jan/02/tesla-triple-deliveries-electric-cars-shares-fall¬†‚Ä¶"
ryannegri,2019-01-07,15:33:16,We have power! The S is back up and running - $200+ tax for the battery and they didn't even charge a service fee. HE CAME TO MY HOUSE TO INSTALL IT.   Top notch service @Tesla @elonmusk
whatsinside,2019-01-07,15:32:45,What happens when you race all the @Tesla performance models against each other? üòç  https://youtu.be/fqGxXfg3sZY¬†  cc: @elonmusk pic.twitter.com/INjeSpDa7V
tesla,2019-01-07,15:04:19,Tesla Gigafactory 3 groundbreaking in Shanghai. Customers in China can now order Model 3:  https://ts.la/2SHn4E3¬† pic.twitter.com/Jw8DXiRm7n
snazzyq,2019-01-07,14:44:55,"Can‚Äôt think of many/any auto makers that would do this. Tesla has a lot of problems, but they‚Äôre a good company and continuing to improve. I‚Äôm proud to be an owner."
snazzyq,2019-01-07,14:29:43,"Tesla refunded me $5,000 for the Model 3 Performance price drop that happened just a few weeks after I took delivery at the original (higher) price. @elonmusk makes good on promise. Thanks, @Tesla. ‚ù§Ô∏è  pic.twitter.com/Y2VGcXrdKP"
xhscitech,2019-01-07,13:48:04,What's @elonmusk got to say about breaking ground on @Tesla's Shanghai Gigafactory?  http://xhne.ws/H5nBU¬† pic.twitter.com/jZk8AFS7Uz
plugshare,2019-01-07,13:04:53,"We agree! & there is a filter for ""Lodging"" on PlugShare Web (along with other filter options under ""Amenities"") This is something our dev team wants to implement for iOS and Android too. Stay tuned for updates and happy charging üòé pic.twitter.com/HfKLMZRjfH"
busrep,2019-01-07,12:30:00,Tesla to start delivering Model 3 to China buyers in March  http://bit.ly/2RxuI6u¬† @Tesla
sputnikint,2019-01-07,11:58:00,".@Tesla makes Gigafactory breakthrough in Shanghai, production to start in 2019  http://sptnkne.ws/kyAb¬† pic.twitter.com/TsrFsJd7ej"
epochtimes,2019-01-07,11:45:50,"‚ÄúIncreased tariffs on this particular part cause economic harm to Tesla, through the increase of costs and impact to profitability,‚Äù @Tesla said in a request for #tariff relief from the Trump administration. https://www.theepochtimes.com/tesla-urges-tariff-exemption-for-chinese-made-car-computer-brain_2758483.html¬†‚Ä¶"
mallofamerica,2019-01-07,11:13:45,It‚Äôs time to get in the fast lane! The latest @Tesla model is parked in Nordstrom Court + is ready for you to check it out! üòé  pic.twitter.com/fqrFi1f7IY
starlandnj,2019-01-07,10:03:20,"This just in! @WDHAFM presents @Tesla live at Starland on Saturday, April 20th! Tickets go on sale this Friday at 10am, venue presale starts this Thursday!  pic.twitter.com/cgqln3aRfy"
globaltimesnews,2019-01-07,09:20:04,China‚Äôs technological advancement cannot be suppressed. The groundbreaking of @Tesla Shanghai factory is an indication of China‚Äôs determination on expanding opening-up.  http://bit.ly/2RduB0G¬† #HuaweiCPU #TradeWar pic.twitter.com/Oe4BOwtFEv
siliconrepublic,2019-01-07,09:00:00,"CEO of @Tesla, Elon Musk, breaks ground on the electric carmaker‚Äôs first non-US factory.   https://www.siliconrepublic.com/companies/elon-musk-tesla-shanghai¬†‚Ä¶"
larrymagid,2019-01-07,08:42:33,Impressions After 550 Mile Road Trip In Newly Introduced Mid-Range Tesla Model 3 via @forbes  https://www.forbes.com/sites/larrymagid/2019/01/07/impressions-after-550-mile-road-trip-in-newly-introduced-mid-range-tesla-model-3/#3e579f222c14¬†‚Ä¶ @tesla #tesla
globaltimesnews,2019-01-07,08:20:05,"US electric car giant @Tesla laid the foundation in #Shanghai, east China at 3pm on Jan 7. The Tesla Gigafactory is expected to start Model 3 production at year's end, said Elon Musk, chief executive officer. Photos: GT/Yang Hui.  http://bit.ly/2LT002v¬† pic.twitter.com/Wl2PpcPPHK"
xhscitech,2019-01-07,08:01:59,Congrats @Tesla! Construction begins on the Shanghai Gigafactory @elonmusk pic.twitter.com/C06Y61oj3s
xhnews,2019-01-07,07:51:19,What's @elonmusk got to say about breaking ground on @Tesla's Shanghai Gigafactory?  http://xhne.ws/H5nBU¬† pic.twitter.com/XwOtUaNZ6a
chinadailyasia,2019-01-07,06:06:05,.@Tesla CEO @elonmusk breaks ground at #Shanghai gigafactory to launch #China push  https://www.chinadailyhk.com/articles/146/79/213/1546858959860.html?newsId=58373¬†‚Ä¶ pic.twitter.com/cKQ8MNnPdO
digitaltrends,2019-01-07,04:45:00,This is how @Tesla's are made.  pic.twitter.com/qjQ0mdEEuZ
bsindia,2019-01-07,04:44:00,.@Tesla to break ground on Shanghai Gigafactory; @elonmusk to do the honours  Tesla plans to produce its Model 3 and Model Y cars in the initial phase of production at the Shanghai plant http://ow.ly/4JmP30nddpM¬†
alanmamedi,2019-01-07,04:33:47,Or you could change electricity provider to a 100% green provider (if possible)
onlyyoontv,2019-01-07,04:07:20,$TSLA founder @elonmusk at the Shanghai site of @Tesla new Gigafactory in #China pic.twitter.com/ErN3t9bVSy
globaltimesnews,2019-01-07,02:56:12,Elon Musk danced with the music at the end of the groundbreaking ceremony for @Tesla's Gigafactory 3 in Shanghai on Monday. He said in a tweet that Tesla aims to finish initial construction this summer and start production at the end of this year. @elonmusk pic.twitter.com/XissWqawm2
yicaichina,2019-01-07,02:39:34,".@elonmusk revealed on Twitter that @Tesla will break ground on its #Shanghai factory today, with initial construction slated for completion this summer before launching #Model3 production at the end of year. https://twitter.com/elonmusk/status/1082116267568377857¬†‚Ä¶"
sdmoores,2019-01-07,02:36:55,"Major news for @Tesla. Important to note that that company are not yet planning to make lithium ion batteries here. LG, Samsung, CATL on high alert. #EV https://twitter.com/elonmusk/status/1082103637990625281¬†‚Ä¶"
tictoc,2019-01-07,02:05:30,IN PHOTOS: A first look at @Tesla's Shanghai Gigafactory site  Via @bloombergimages pic.twitter.com/YqZ97ZdYLe
alanmamedi,2019-01-07,01:45:04,"India needs to move towards renewable energy like wind, water, solar. When 70% of electricity comes from coal, then using electric cars doesn't really help much. Same for the USA actually,  https://www.eia.gov/tools/faqs/faq.php?id=427&t=3¬†‚Ä¶"
businessline,2019-01-07,01:40:02,. @Tesla CEO @ElonMusk  says to break ground on #Shanghai Gigafactory today  http://bit.ly/2FdTn9u¬† pic.twitter.com/n16JvhgHcK
andrewgrill,2019-01-07,01:36:08,I spied this @Tesla pop-up booth in Rundle Mall in #Adelaide promoting solar panels and solar energy solutions and figured they would be using their own solar power to run the stand ... until I spied the cord ... #busted #fakesolar pic.twitter.com/lUyDE8xAAY
tech2eets,2019-01-07,01:31:49,".@elonmusk has announced that today, @Tesla will be breaking ground for its Shanghai Gigafactory - the company's first outside the US. In Shanghai, Tesla will begin manufacturing the #Model3 electric vehicles by year-end. https://www.firstpost.com/tech/news-analysis/elon-musk-announces-the-first-tesla-gigafactory-outside-us-in-shanghai-5847961.html¬†‚Ä¶"
donovansung,2019-01-07,01:22:49,"Electric cars are one of the most exciting trends in technology today, especially in China.  Excited to see the progress on the @Tesla Gigafactory in Shanghai! üöó  https://twitter.com/elonmusk/status/1082103637990625281¬†‚Ä¶"
morganpage,2019-01-07,01:15:27,Congrats! Ready to DJ the grand opening üí™
carandbike,2019-01-07,01:05:30,.@Tesla is afoot to become America's largest premium carmaker and its German rivals certainly need to watch out. Details here.  https://auto.ndtv.com/news/tesla-set-to-become-americas-largest-premium-automotive-company-1973650¬†‚Ä¶
onlyyoontv,2019-01-06,23:53:36,"Partying like it‚Äôs 1929 in Shanghai this New Year.  Back at work and now in the historic trading post to talk tech, @Tesla, and, of course, trade!  pic.twitter.com/UULwJKhB21"
et_rise,2019-01-06,23:50:00,"The facility will churn out 250,000 vehicles annually at first, the #Model3 and the planned #ModelY, and that capacity will double over time. @Tesla, @elonmusk https://bit.ly/2sbS4QC¬†"
snazzyq,2019-01-06,23:37:23,Or just not use frameless windows. They‚Äôre basically worse in every way except for looks.
montalvo_d,2019-01-06,23:11:42,"If you need good coffee, check out O‚ÄôMills bakery in the French Concession."
tictoc,2019-01-06,23:11:39,"Here‚Äôs what Musk said back in June 2018 when he announced @Tesla‚Äôs first foreign gigafactory in Shanghai.  Musk also tweeted today: ""Affordable cars must be made on same continent as customers.""  pic.twitter.com/ijJSDtDlOU"
david_stringer,2019-01-06,22:53:30,"As @elonmusk breaks ground in Shanghai, why a China plant could be crucial for @Tesla:  https://www.bloomberg.com/news/articles/2019-01-07/elon-musk-in-china-to-break-ground-for-tesla-s-china-factory?srnd=hyperdrive¬†‚Ä¶"
tictoc,2019-01-06,22:42:03,"Here's what we know about the @Tesla Shanghai Gigafactory, based on Musk's latest tweets  pic.twitter.com/hbAs5I6nGp"
mkbhd,2019-01-06,22:38:44,Major moves üëèüèΩ
jimharris,2019-01-06,22:21:48,Cheaper to purchase up front. Already they are cheaper on life cycle costing (capital and operating). :)
danahull,2019-01-06,21:42:54,sort of. local debt but nothing on terms
peterlbrandt,2019-01-06,21:40:26,"Do not agree. When I was in my 20s I fell two floors and broke my back. 41 days in hospital. Zero insurance. I paid back every penny -- took years, but I never blinked at financial responsibility."
danahull,2019-01-06,21:37:45,any further details on how it's going to be financed
darylmotte,2019-01-06,21:37:20,Don‚Äôt forget the coffee!
elonmusk,2019-01-06,21:36:26,Looking forward to breaking ground on the @Tesla Shanghai Gigafactory today!
tonybesson,2019-01-06,21:35:28,"3 years and over 76,000 miles later I can‚Äôt say enough about how big of a fan I truly am of @elonmusk and my @Tesla. Cheers to hopefully another 76,000 (worry free) miles together.  pic.twitter.com/9Z07tHJqYa"
utahguru,2019-01-06,21:18:35,I ‚ù§Ô∏è this #GoldenGlobes @Walmart Commercial on so many levels! Kit is fantastic! All they needed was a @Tesla car! Lol  https://twitter.com/SuperheroSteel/status/1082093984971816960¬†‚Ä¶
genemarks,2019-01-06,20:08:01,.@Tesla launches new incentives for #employees to buy cars and get on the Autopilot Hardware 3 test program:  https://buff.ly/2BKWClv¬† #SundayMotivation pic.twitter.com/s8IJxRjQqk
scottwww,2019-01-06,16:34:38,They have a real talent for spinning this in a way that makes them save face without admitting that they were simply flat out wrong about @Tesla. It‚Äôs a rock star Grade A ‚Äúnext Apple‚Äù company here folks. Get used to it.
snazzyq,2019-01-06,16:04:28,"Right, but it doesn‚Äôt snow when temp is in negatives, correct?"
snazzyq,2019-01-06,15:47:42,To wipe off a thin layer of snow? I don‚Äôt think so.
snazzyq,2019-01-06,15:20:10,Huh? The variable would be dependent on the rate at which the snow was falling.
snazzyq,2019-01-06,15:17:54,@elonmusk @Tesla Feature request! Snow Mode! Detect snowfall (or even manually toggle from app) wiper blades every X minutes remotely so we don‚Äôt have to use snow brush on windshield.
daitchak,2019-01-06,15:15:55,@Tesla autopilot regained control after sliding out-of-control on ice...  ... I can't wait for the mirror video of AI taking control of Tracer in @PlayOverwatch https://www.youtube.com/watch?v=anLpxYuchB8¬†‚Ä¶
mkarolian,2019-01-06,15:11:59,"Jesus Christ, when are the auto manufacturers going to get it through their skull that the greatest threat to people buying their electric cars is the @Tesla supercharging network, NOT the cars Tesla makes...."
mkarolian,2019-01-06,15:06:14,"yeah the Model X inventory is slim, tons and tons of Model S cars."
galadongaming,2019-01-06,14:41:17,"and actually, the @Tesla Autopilot already drives better than most humans!  https://www.foxbusiness.com/technology/tesla-autopilot-elon-musk-safety-report-crash-tests¬†‚Ä¶"
mkarolian,2019-01-06,14:30:42,"I can't believe you can buy a CPO @Tesla P85 for $37,000. That is SO much car for that money.  https://www.tesla.com/used/5YJSA1H19EFP36369?share=y&redirect=no¬†‚Ä¶"
tim_stevens,2019-01-06,13:07:50,"Problem is S and X have totally different stability control systems, largely developed out-of-house. That'd be a massive project to re-do."
chanceglasco,2019-01-06,11:41:46,Any idea why dashcams are not a standard option on pretty much all cars outside of @Tesla? They're incredibly cheap and extremely useful for safety potentially saving money. How can something so inexpensive and simple not be available from the factory?
liezelv,2019-01-06,10:35:09,A slow moving shooting star.
liezelv,2019-01-06,10:34:48,And looks like a slow moving shooting star! üí´
liezelv,2019-01-06,10:17:50,You can see it if you know where to look. I see it many times
liezelv,2019-01-06,10:17:11,I see it so many times with my naked eye over Cape Town. @zarenya also manages to capture good photographs with her telescope
carsdotcom,2019-01-06,10:05:06,.@Tesla is cutting the prices of its electric cars. See why:  http://po.st/2on45W¬† #Tesla pic.twitter.com/FnqwPaoKYp
ryannegri,2019-01-06,10:04:04,"The website, under account;   https://www.tesla.com/teslaaccount/payment-history¬†‚Ä¶"
ericroberts,2019-01-06,09:18:06,Beware @Tesla They don't consume fossil fuel but they unapologetically consume their drivers & passengers üòê Photos of door-smashed finger tips available upon request. How bout u guys spend some of your profit on listening to your consumers & remedying safety issues
jimharris,2019-01-06,08:46:42,My Lithium Ion in my Toyota Prius has lasted for 14+ years -- and the technology has improved substantially since then!
digitaltrends,2019-01-06,08:37:00,This is how @ElonMusk makes @Tesla's.  pic.twitter.com/aejx0RbSys
thecodystewart,2019-01-06,00:36:07,I‚Äôve never had a car but I wish my first one could be a @Tesla Roadster. ü•∫ü§§
ericroberts,2019-01-05,22:56:12,Bells&Whistles do not a safe car make @Tesla . Today @MomElizaRoberts got hit in the head twice and 2 fingers smashed in 2 doors of our friend's #Tesla that have malfunctioned a dozen times before #Shameful
iambhutia,2019-01-05,22:46:02,Not all cars are @Tesla  https://twitter.com/amitranjan/status/1081598150207512579¬†‚Ä¶
therealautoblog,2019-01-05,21:30:00,"Watch @Tesla Model 3 get built, and see how the car has quickly evolved:  http://bit.ly/2EZ9ybp¬† pic.twitter.com/OIrCUjvBdz"
tamaramccleary,2019-01-05,17:40:00,How @elonmusk and @Tesla challenge the #auto industry  https://wapo.st/2F7Yed8?tid=ss_tw&utm_term=.d6b0069ec872¬†‚Ä¶ #Automotive #ElectricVehicles #energy #RenewableEnergy #DigitalTransformation pic.twitter.com/RFCrLtcT4M
stef_wilson,2019-01-05,16:15:52,Would shock a lot of people I‚Äôm sure
stef_wilson,2019-01-05,15:43:17,"Seriously! I‚Äôm drooling! The new roadster looks amazing! If only @Tesla would engage in auto racing, I think there‚Äôs a huge demographic who just don‚Äôt realize how good these cars are  https://twitter.com/ChargePointnet/status/1081644758282457088¬†‚Ä¶"
chargepointnet,2019-01-05,15:13:01,"@Tesla teases new Roadster with ""Tale of LIght"". Watch the video:  https://bit.ly/2ArxH6u¬†"
lorakolodny,2019-01-05,12:40:51,Thanks. I am researching the way Tesla handles customers‚Äô refunds for a possible cnbc .com story. Would love to hop on a call and learn more about how they resolve your issues. Followed you so we can dm.
mayemusk,2019-01-05,12:26:21,"The comments of short-sellers could be called hilarious, but they are nasty and anti-climate change. Unfortunately the MSM love to quote anything negative about @Tesla When will this change?#Pravduh #CleanEnergyWillWin https://twitter.com/cleantechnica/status/1081410147312959488¬†‚Ä¶"
mayemusk,2019-01-05,12:18:25,.@cleantechnica Good article on @Tesla and EVs. Enjoyed the video by @MKBHD #CleanEnergyWillWin https://twitter.com/cleantechnica/status/1081439616492810240¬†‚Ä¶
ryannegri,2019-01-05,11:30:50,Make sure you leave when you‚Äôre full - they‚Äôve started to put invoices in my account for being idle at a supercharger.  (I just refuse to pay them) pic.twitter.com/wGAapKqSKz
snazzyq,2019-01-05,10:26:56,The car handles amazingly in the snow. Just not the handles and doors. Lol
wilkinlee,2019-01-05,07:34:53,Great write up üëä
tim_stevens,2019-01-05,04:49:14,Oh I'd love to. Hoping @Tesla can make that happen this season...
artemr,2019-01-05,04:03:14,I guess I have to settle for a Zaporozhets.
artemr,2019-01-05,03:45:18,"By making the alarm go off, as the story suggests."
pd_official,2019-01-05,02:38:54,Some of them are really hilarious!
pd_official,2019-01-05,02:38:30,And so do we!
pd_official,2019-01-05,02:38:06,We're sure @Tesla would have thought of safeguards to stop that from happening :D
lamichaeljames,2019-01-05,01:56:52,I would love to see u ‚úäüèæ
digitaltrends,2019-01-05,01:43:28,This is how @ElonMusk and his team make @Tesla's.  pic.twitter.com/cvTXPCTX71
tech2eets,2019-01-04,23:37:56,".@Tesla has asked the Trump administration to exempt the Chinese-made car computer ‚Äúbrain‚Äù of its new #Model3 sedan from 25 percent tariffs imposed in August, saying they threaten Tesla‚Äôs bottom line. https://www.firstpost.com/tech/news-analysis/tesla-asks-exemption-of-the-25-tariff-on-chinese-made-car-computer-brain-5839931.html¬†‚Ä¶"
digitaltrends,2019-01-04,20:07:00,This is how @ElonMusk makes @Tesla's.  pic.twitter.com/lyICoOnD8C
daz_black,2019-01-04,19:49:09,Literally cannot believe this üòÇüòÇ
daz_black,2019-01-04,19:42:42,Buying it
artemr,2019-01-04,19:42:23,"My car got broken into this way too last year, and the fix was insanely expensive.  @Tesla @elonmusk Please do something to make rear quarter windows less attractive to break, and repairs cheaper.  The tech had to replace the whole chrome trim ($900+).   http://www.xautoworld.com/tesla/model3-window-break-ins/¬†‚Ä¶ pic.twitter.com/RCI4ZMIIKl"
choptopmoseley,2019-01-04,18:09:34,"@elonmusk, how about a 4-1 stock split for fair @Tesla?"
brian4ny,2019-01-04,18:08:32,Cuomo: I Reached Out to Tesla to Help Fix the Subway System's Signal Problems | NBC New York  https://www.nbcnewyork.com/news/local/Cuomo-Tesla-Fix-Subway-System-503898981.html¬†‚Ä¶ via @nbcnewyork @Tesla @Teslarati @teslaownersSV @TeslaMotorsClub
techau,2019-01-04,17:57:14,Belgium Model 3 configurator is showing 560km of range for the @Tesla Model 3. US range of 310 miles converted to km is only 498km.. very interesting.  pic.twitter.com/mm6eP4FO6J
tesla,2019-01-04,17:53:11,‚ÄúI was absolutely blown away‚Äù @Roadshow visits Tesla‚Äôs cold weather proving grounds
ericschiffer,2019-01-04,17:38:12,75% or greater probability.
tim_stevens,2019-01-04,16:54:59,It very much depends on the car. Something with no active battery conditioning (ala the Leaf) will see a much bigger drop in range. An actively managed car will probably lose 30 - 40%. A car without active cooling... you'll want to figure closer to 50 - 60 to be safe.
wilkinlee,2019-01-04,16:45:45,Review after 5 minutes #ftw
carlmullan,2019-01-04,16:45:38,Hahahaha but yes very interested to get your final verdict üòé
carlmullan,2019-01-04,16:45:16,It genuinely seems to make total sense as a purchase. I could easily get in and out of work on a single charge and it would probably be quicker than the car! Plus the savings on fuel etc. Cycling sometimes doesn't work for me cos I don't have time to shower when I get to work.
carlmullan,2019-01-04,16:40:46,I'm genuinely seriously considering one of these so looking forward to seeing what ya think üëç
wilkinlee,2019-01-04,16:22:29,Haha that's awesome pic.twitter.com/Gfu4CDksSR
jeffdye,2019-01-04,16:14:22,I‚Äôm in love with this @Tesla Model X bright white stainless vinyl seats. @elonmusk will you make me some couches?
gerberkawasaki,2019-01-04,15:43:39,We have a hand full of Teslas.
briansozzi,2019-01-04,15:40:41,Is left hand drive available in the U.S.?
dmc_ryan,2019-01-04,15:33:32,"Are these the ""Forged Performance"" Model 3 wheels that will be available in Summer 2019 as a new prize in the referral program? Or will they be a totally new design? Or is it perhaps those 19"" Aero Performance wheels available on the Chinese Model 3 Design Studio?"
jbalmert,2019-01-04,15:22:30,.@JohnKasich‚Äôs new building and Kasich‚Äôs new car: a self-driving @Tesla.  pic.twitter.com/LN8UyP0PWt
dmc_ryan,2019-01-04,15:03:26,Note that you can change the charge limit from your phone if you're inside somewhere and you get a notification about it being done charging.
dmc_ryan,2019-01-04,14:48:02,*about the return trip. Darn typo!
dmc_ryan,2019-01-04,14:40:25,"You'll hear more about the podcast but the return trip, even at 16 hours it was an EASY day. I'm amazed at how easy it is to travel in these cars between the smooth EV ride and EAP."
dmc_ryan,2019-01-04,14:34:12,They're really good. I'm super happy with them. I like that they look good in addition to doing their jobs well.
bcoyle50,2019-01-04,14:13:59,S/O to my guys Greg and Richard at the @Tesla service center in Santa Clara! Truly first rate customer service! Best in the biz! Thanks again!
dmc_ryan,2019-01-04,13:48:59,Happy to pass it along! I had to call Roadside Assistance myself in order to learn that trick. I'll be mentioning it for everyone's benefit on the podcast this weekend. Safe travels to you! üòÄ
peterlbrandt,2019-01-04,13:16:51,Stay out of debt. Owe nobody anything. The freedom it brings is irreplaceable.
dmc_ryan,2019-01-04,13:15:53,Safe travels! My 800-mile return drive yesterday went great. Hope you have fun on your journey too!
mallofamerica,2019-01-04,13:12:16,"Put the pedal to the metal + race down to Nordstrom Court on Level 1, Northwest to see the latest @Tesla model! üòç  pic.twitter.com/Juur2MuMnv"
dmc_ryan,2019-01-04,13:04:32,"This happened to me last week. Look in your trunk, on the left side. You should see some ""vents"" in the fabric. The largest of those ""vents"" has a manual release tab in it. Pull that and it will release the charging cable."
cnet,2019-01-04,13:02:17,Our @reddit AMA with @Tim_Stevens about @Tesla's cold-weather testing site in Alaska kicks off *right now*!   https://cnet.co/2GV7G5u¬†
roadshow,2019-01-04,13:01:07,Our @Tesla AMA is live on @reddit. Ask our EiC @Tim_Stevens all your Tesla Qs right here:  https://www.reddit.com/r/teslamotors/comments/ackpjq/we_just_got_back_from_teslas_alaska_proving/¬†‚Ä¶ pic.twitter.com/xouzsmm1D7
tommyigoe,2019-01-04,12:45:00,And the best for me. So...   let the peeps decide.
cnet,2019-01-04,12:30:06,In just 30 minutes @Tim_Stevens will be taking all of your questions about his trip to Alaska at the @Tesla extreme cold testing facility. Ask away on @reddit üëá https://cnet.co/2Rplrxp¬†
skiplacombe,2019-01-04,12:18:57,I don‚Äôt believe any aftermarket hitches have the official stamp from Tesla unfortunately. Should be an official option eventually.
peterlbrandt,2019-01-04,12:04:54,"Remember, it is not how much you make that counts -- it is how much you do not spend. I am extremely frugal (my wife would use the word ""cheap""). I hate spending money."
holbertonschool,2019-01-04,12:02:02,#NewYear means new opportunities! Check out how @1million40 learned how to code and landed a job @Tesla in addition to being a mother and an artist! #NewYearNewYou https://www.linkedin.com/pulse/mother-artist-now-software-engineer-tesla-anne-cognet/¬†‚Ä¶
caranddriver,2019-01-04,12:00:00,The 2021 @Rivian R1T is a 400-mile electric pickup truck @Tesla should watch out for.  http://crdrv.co/5J9boz4¬† pic.twitter.com/GLPk0Ui9Qr
chargepointnet,2019-01-04,11:25:01,Watch now: Test drive and charging up a @Tesla Model 3.  https://youtu.be/VI426eKZCJ8¬† #Tesla #Model3 #TeslaModel3 #TestDrive
pd_official,2019-01-04,10:32:21,"#Tesla #Model3 goes on sale in Europe, starting at ‚Ç¨53,500. The top-spec versions boast of range of over 500kms, a 0-100kmph time of 3.5secs and top speed of 250kmph. When are we getting it in India @Tesla ?  pic.twitter.com/jprcnlwhDh"
letsfishsmarter,2019-01-04,10:13:36,"(Technical detail about the Model 3, just so I‚Äôm not misleading: at this time North American M3s can‚Äôt use ‚Äúfast‚Äù chargers that aren‚Äôt Tesla superchargers. But they are saying that a software update is pending that will allow for this. Can you confirm @elonmusk, @Tesla?)"
carsdotcom,2019-01-04,10:00:15,.@Tesla is cutting the prices of its electric cars. See why:  http://po.st/MvGogt¬† #Tesla pic.twitter.com/V7PgV5RUfP
mikeynoway,2019-01-04,09:48:24,#Fremont update - ALL lanes of NB 880 have reopened at Fremont/Cushing Blvd near @Tesla. Jammed btwn Dixon Landing Rd and Mission Blvd. Recovery going quickly. (6:48a) @nbcbayarea https://twitter.com/MikeyNoWay/status/1081197429406486529¬†‚Ä¶
jimmyvielkind,2019-01-04,09:47:00,"Some more details on @NYGovCuomo and his talk to @Tesla about the NYC subways:  ‚ÄúTesla, I did not speak to about this tunnel project. I did speak to Tesla about another problem,‚Äù Cuomo says.  He talked to them about new communications based train control systems."
motor1com,2019-01-04,09:46:47,"While they may look different, the @Tesla Model X 75D and @Jaguar I-Pace offer comparable straight-line performance and can travel more than 230 miles on a full charge.   Which one comes out on top? Read our comparison test to find out:  http://bit.ly/2LOwBqd¬† pic.twitter.com/I9TugaPIUM"
wolfejosh,2019-01-04,09:42:04,Left not right. Only right hand driving for Europe was a badly doctored photoshopped photo
roadshow,2019-01-04,09:28:48,"Join us on @reddit at 1 PM EST today for an AMA with @Tim_Stevens to ask about his experience driving @Tesla cars on snowy, slippery terrain in Alaska -  https://www.reddit.com/r/teslamotors/comments/acia3p/tesla_coldweather_ama_coming_at_1000am_pt_100pm/¬†‚Ä¶ pic.twitter.com/zIohEKTbJp"
skiplacombe,2019-01-04,09:21:41,Relatively easy install actually. Just saw this video the other day. Can easily tow 2000 lbs. good luck! https://youtu.be/7n77pvJuv8o¬†
mikeynoway,2019-01-04,09:07:46,.@newsdamian reports CHP update gives us 6:30a ETO for lanes of NB 880 at Fremont/Cushing Blvd near @Tesla. Offramp again open but do NOT come over to NB 880 via Mission Blvd or Dixon Landing Rd. ALT: Fremont Blvd or Warm Sprngs Blvd. (6:07a) @nbcbayarea #TodayInTheBay https://twitter.com/MikeyNoWay/status/1081182967001681920¬†‚Ä¶
tim_stevens,2019-01-04,09:07:20,Guy local to me has 100k miles on his 85D. I'll ask how his is holding up.
dawn_kopecki,2019-01-04,09:01:12,Tesla's not-so-happy start to the New Year  https://cnb.cx/2Qpcz66¬† @tesla @elonmusk @DetroitBurea
tim_stevens,2019-01-04,08:34:55,"A lot of EVs have a (deserved) reputation as being terrible winter cars. How do @Tesla's fare, and how does the Model 3's Track Mode handle ice? We took an exclusive trip up to the company's Alaska proving grounds to find out.   Oh yes, there was drifting.  http://roadshow.co/w0JHYE¬† pic.twitter.com/rW9rXKIDbZ"
llsethj,2019-01-04,08:17:06,Yeah they could really innovate the solar inverter / car charger homekit space
economictimes,2019-01-04,08:15:00,".@Tesla said it plans to start delivering #Model3 cars to customers in #China in March, cementing a time frame that the US EV maker's CEO, @elonmusk, tweeted about late last year  https://goo.gl/Ev92Fv¬†"
mikeynoway,2019-01-04,08:13:11,Traffic Alert continues for Fremont - ALL lanes of NB 880 are BLOCKED for investigation of deadly hit-and-run north of Fremont/Cushing exit and @Tesla plant. Jammed solid from Mission Blvd. Do NOT take Mission to 880 from 680. No ETO. ALT: Fremont Blvd (5:13a) @nbcbayarea pic.twitter.com/7SS9cnmHNd
roadshow,2019-01-04,07:59:49,Can you really drive an electric car 365 days a year if you live in a land with real winters? We headed to @Tesla's test track in Alaska to find out.  http://roadshow.co/w0JHYE¬† pic.twitter.com/2qZyklYX1y
digitaltrends,2019-01-04,07:18:34,Sweden‚Äôs 400-horsepower answer to the @Tesla Model 3 begins taking shape  http://bit.ly/2GWS69i¬†
tesla,2019-01-04,04:46:57,"Now open to: Austria, Belgium, Denmark, Finland, France, Germany, Italy, Luxemburg, Netherlands, Norway, Portugal, Spain, Sweden and Switzerland."
tesla,2019-01-04,04:16:14,Model 3 configurator is now open to left-hand drive countries in Europe. Design your Model 3
et_rise,2019-01-04,04:15:00,"""Would love to be in India. Some challenging government regulations, unfortunately,"" @elonmusk had tweeted in May. @Tesla #FDI #Regulations https://bit.ly/2VsqWub¬†"
2morrowknight,2019-01-04,00:58:49,Here's how old your favorite #tech company will be in 2019: @IBM - 108 yrs @HP - 80 yrs @Intel - 51 yrs @Apple - 43 yrs @Amazon - 25 yrs @netflix - 22 yrs @Tesla - 16 yrs @Facebook - 15 yrs @Twitter - 13 yrs  #dataviz #dx #IoT #5G #AI #innovation #BigData RT @WorldCommForum pic.twitter.com/T7sTcyauyc
tommyigoe,2019-01-04,00:04:29,Not sure if someone who looked like Elon violated you as a child but your act is stupid and your 135 follower prove it.    Get therapy.
tommyigoe,2019-01-03,23:49:02,At a Tesla store. Your clumsy sarcasm is noted and appreciated.
briandunkleman,2019-01-03,23:17:33,Both would be dreams come true ‚ù§Ô∏è
ornyadams,2019-01-03,23:13:57,Of course. It would be my pleasure! And I'm adding @tylerperry into the string to see if we can get you a role in something or a new @Tesla.
nietojr17,2019-01-03,21:41:46,Any in south Miami ?
therobertmorris,2019-01-03,21:27:27,I invested in @Tesla today bc I‚Äôm gonna get rich like my boy @elonmusk #StopGunViolence
caro_milanesi,2019-01-03,21:06:32,"Very curious about your experience, will ask you next time I see you!"
digiorno,2019-01-03,20:56:34,Time to test? ü§îü§î
deseretnews,2019-01-03,20:40:00,"Following a year the company is calling its best ever ‚Äî in spite of coming up short on production estimates ‚Äî @Tesla greeted 2019 by announcing a $2,000 price reduction on selected models of its all-electric vehicles.   https://www.deseretnews.com/article/900048963/tesla-hoping-to-electrify-us-buyers-with-price-cuts.html¬†‚Ä¶"
gerberkawasaki,2019-01-03,20:29:10,When can I get Apple Music & Sirius on my screen? I don‚Äôt like having to fiddle with my phone.  #model3
gerberkawasaki,2019-01-03,20:27:23,Let‚Äôs see how many people will end up like GE & Sears because of Tesla. Should we start will oil coal or auto related companies? They know Tesla is the next amazon. How many retail companies have died. Trying to kill it before it grows to big. But now it‚Äôs too late. #superElon
kashishds,2019-01-03,18:50:41,Seems so!
ricardoblanco,2019-01-03,18:41:14,".@Tesla Is Now America's Number One Premium Automotive Company, Outsells BMW, Lexus In Q4 via @forbes https://www.forbes.com/sites/jeanbaptiste/2019/01/02/tesla-is-now-americas-number-one-premium-automotive-company-outsells-bmw-lexus-in-q4/¬†‚Ä¶"
kashishds,2019-01-03,18:34:58,"every time i see @Tesla vehicle line up, i wonder if buses/school buses will ever be added.  Maybe they've thought about it & decided doesn't make sense to their growth plan?  ""School bus pollution is dangerous, and efforts to control it are still uneven""   https://www.pri.org/stories/2015-05-21/school-bus-pollution-dangerous-and-efforts-control-it-are-still-uneven¬†‚Ä¶ pic.twitter.com/i4lNhZ2oSY"
dennishegstad,2019-01-03,18:08:21,The interior is everything. I wish I didn‚Äôt pay for the $5k upgrade and invested in 3rd party rims/tires/interior upgrade myself since you could have got more value that way :/
dennishegstad,2019-01-03,17:52:14,"this would have been nice for people who paid for $5k performance upgrade...  heated steering wheel on model 3, alcantara interior, etc. all things this @tesla owner did to his Model3 to make it more 'luxury'   https://twitter.com/InsideEVs/status/1080472531000324096¬†‚Ä¶"
ricardoblanco,2019-01-03,17:43:02,Storage will replace 3 California gas plants as PG&E nabs approval for world's largest @Tesla batteries  https://www.utilitydive.com/news/storage-will-replace-3-california-gas-plants-as-pge-nabs-approval-for-worl/541870/¬†‚Ä¶ via @UtilityDive
ricardoblanco,2019-01-03,17:25:41,.@Tesla has installed a truly huge amount of energy storage  https://www.fastcompany.com/40580693/exclusive-tesla-has-installed-a-truly-huge-amount-of-energy-storage¬†‚Ä¶
elonmusk,2019-01-03,17:24:04,Checking ‚Ä¶
john__rosevear,2019-01-03,17:18:08,Or it might quickly become a commodity business with extremely thin margins. I know which way I would bet.
financialreview,2019-01-03,17:00:00,"This @Tesla Model 3 tracker has nailed @ElonMusk's exit from 'production hell'. Also, watch the 49-second time-lapse video of a Tesla Model 3 being assembled.   http://bit.ly/2SvcJuC¬† #tesla $TSLA #cars"
john__rosevear,2019-01-03,16:53:24,"Sure. Lots of EV makers will be in that business, to help stabilize cell demand. Some already are."
jcpinheathrow,2019-01-03,16:30:13,Front of House Manager @Tesla Heathrow Info/Apply  http://ow.ly/XnWd30n1OK0¬† #Airportjobs #Carjobs #Salesjobs pic.twitter.com/BXjQjNhUAM
digitaltrends,2019-01-03,15:30:24,"Following @Tesla, @GM may be the next automaker to reach 200,000 electric car sales, triggering the phaseout of a $7,500 federal tax credit. http://bit.ly/2QlksJG¬†"
tommatzzie,2019-01-03,15:17:13,Why shorting @Tesla is dumb  https://twitter.com/danahull/status/1080917563922513920¬†‚Ä¶
dmc_ryan,2019-01-03,15:11:43,"I heard spoilers are still in production. I‚Äôm happy to be getting one at all but...yeah, my car will be at least six months old before it and the badge arrive."
elonmusk,2019-01-03,15:11:20,Reveals wheels?
elonmusk,2019-01-03,15:09:17,"Weirdly, all the negative press seems to increase sales!"
edmunds,2019-01-03,14:38:29,"Is a head-turning design, 394 horsepower and 240 miles of range enough to make the @JaguarUSA #ipace a true @Tesla contender? This one's all ours for the next week as we look to determine how far looks will go. #EV pic.twitter.com/cMTamaCLHx"
minliangtan,2019-01-03,13:36:37,"And I'm a big fan of your work at @Tesla , clearly we both have good taste ;)"
mayemusk,2019-01-03,12:15:13,Cool video by @Tesla owners who care about #RenewableEnergy #CleanEnergyWillWin #SharePositiveNews https://twitter.com/teslaownersSV/status/1080873754283016194¬†‚Ä¶
mayemusk,2019-01-03,12:07:13,"Well, this news will send the MSM into a frenzy. Already seeing negative @Tesla headlines from @nytimes @CBSNews @businessinsider @CNN @ABC @cheddar #FollowTheMoney Looking forward to @cleantechnica 's next #Pravduh report. Keep retweeting positive news. #CleanEnergyWillWin https://twitter.com/cleantechnica/status/1080868567732633605¬†‚Ä¶"
mayemusk,2019-01-03,12:00:46,Let's retweet positive @Tesla news. #CleanEnergyWillWin https://twitter.com/travelalot2018/status/1080871239428653056¬†‚Ä¶
choptopmoseley,2019-01-03,11:31:55,That‚Äôs TSLA
willicaroline,2019-01-03,11:30:59,What about his company overall?  Is there an ElonMuskInc.?
choptopmoseley,2019-01-03,11:29:48,Jump in at 128
willicaroline,2019-01-03,11:29:15,Buyers opportunity; keep watching Apple.
mayemusk,2019-01-03,11:27:57,"That‚Äôs funny. #notfunny Is there any American Mainstream Media with anything positive to say about @Tesla , the best selling American EV? #ShameOnYou #Pravduh #CleanEnergyWillWin https://twitter.com/zshahan3/status/1080729340294430721¬†‚Ä¶"
epochtimes,2019-01-03,11:12:50,"In an effort to appeal to customers who missed the $7500 electric car federal tax credit, which dropped to $3750 on Jan 1, @Tesla lowered its US prices by $2000.  Upsetting investors, Tesla shares fell 22.68 points (6.81%) to $310.12 per unit. Full story:  https://www.theepochtimes.com/tesla-announces-vehicle-price-reductions-shares-drop_2755136.html¬†‚Ä¶ pic.twitter.com/LzUWxywGVD"
lisafleisher,2019-01-03,08:24:16,great photos
samabuelsamid,2019-01-03,08:22:38,Also given the unfortunate lack of love shown by the market to the Buick Regal TourX might convince Ford not to go down that path
samabuelsamid,2019-01-03,08:20:51,"Probably, although nothing confirmed at this stage. They have so many other SUVs and crossovers in the pipeline for next 24 months, I'm not sure an outback style raised wagon would actually have a place in ford lineup"
john__rosevear,2019-01-03,08:17:36,"...until they come back, which they will eventually. (Fusion will get replaced by something that looks suspiciously like an Outback, I suspect.)"
samabuelsamid,2019-01-03,08:16:58,"That's because the F-Series has been the best selling nameplate in US for 35 years and they are selling a ton of Explorers, Expeditions and Navigators."
samabuelsamid,2019-01-03,08:14:44,The new generation Focus will not be sold in North America because consumers here have voted with their dollars that they want utilities and pickups. Fusion still available for another 2-3 years then no more Ford cars here except Mustang
john__rosevear,2019-01-03,08:09:32,"They don't still make it in (or for) North America. I don't think they make it elsewhere, but I haven't double-checked that."
samabuelsamid,2019-01-03,08:07:26,Production of the Focus electric ended in May 2018 along with other focus and C-Max variants for north America. There is probably still inventory left over but that plant is now building ranger trucks
tomi,2019-01-03,08:03:25,"so then you also think the equity should be worthless, i.e. it's surprising it's still in the 300s?"
mcnnews,2019-01-03,07:59:30,Filtering motorcyclists could be better protected from surrounding cars with this new technology from @Tesla!  http://qoo.ly/ugffd¬†
john__rosevear,2019-01-03,06:49:10,"Did you miss the part where InsideEVs started this nonsense, or are you now just a committed Tesla troll?"
jessicamudditt,2019-01-03,05:02:58,First time I've seen a @Tesla charger. Spotted it at Broadway shopping centre  pic.twitter.com/mMbZC2HcJB
etnowlive,2019-01-03,02:22:21,"The price cut of $2,000 on the Model 3 - as well as on its higher-priced Model S and Model X - took the market by surprise  @Tesla @elonmusk https://bit.ly/2CKMCKS¬†"
mayemusk,2019-01-03,01:42:37,.@Reuters mostly has negative @Tesla headlines. Isn‚Äôt that correct @cleantechnica ? #Pravduh #CleanEnergyWillWin https://twitter.com/martinengwicht/status/1080576113028591617¬†‚Ä¶
carandbike,2019-01-03,00:32:26,.@Tesla has been aggressively expanding its fast charger network across the globe and has set up over 3100 fast chargers in 2018.  https://auto.ndtv.com/news/tesla-is-aggressively-setting-up-fast-chargers-globally-1971669¬†‚Ä¶
jayfaerber,2019-01-02,23:49:35,All City Collision in Burbank. Not sure what the referral code is.
rrapier,2019-01-02,23:44:21,Please don't. I put in an order today after hours for Apple. I don't want to own Tesla.
jayfaerber,2019-01-02,23:24:37,"I got the ding in early Oct and drove it til early Dec, when they said the parts were in. I dropped it off at the body shop, and it wasn't until they took off the bumper that they saw more damage and had to order more parts. So it's been at the body shop for about a month."
tech2eets,2019-01-02,22:17:10,". @Tesla slashes prices for all its vehicles, falls short of Model 3 production.  https://www.firstpost.com/tech/news-analysis/tesla-slashes-prices-for-all-its-vehicles-falls-short-of-model-3-production-5826161.html¬†‚Ä¶"
samabuelsamid,2019-01-02,21:21:37,Although only 6 of those BEVs will be available in North America. Most will be China and India only
jayfaerber,2019-01-02,21:18:42,"I did... sorta. I drove it from Oct-Dec, when they got the parts. When I dropped the car off, they discovered more extensive damage than they thought. So the body shop has had it since early December."
chargepointnet,2019-01-02,21:15:00,"@Tesla reduces prices in the US as tax credit starts to phase out, #Model3 now starts at $44,000. https://bit.ly/2SzZXeg¬†"
samabuelsamid,2019-01-02,21:12:10,Mercedes-Benz? Really? They are launching a bunch of BEVs starting with the eqc this spring. I would think Toyota would be lower on your list given their attitude to BEVs
john__rosevear,2019-01-02,21:09:36,"Stacey, Tesla is a niche automaker at this point in its history. Comparing it with Ford is... apples and boutique figs, or something."
samabuelsamid,2019-01-02,21:04:01,C-Max and Fusion are (were in the case of C-Max) available as hev or phev but not BEV. The focus electric was Ford's only BEV and its no longer made. F-150 hev comes in 2020 and Bill Ford has hinted at a BEV version as well but not official yet
jayfaerber,2019-01-02,20:53:54,"That‚Äôs a fair point. I guess I wouldn‚Äôt ‚Äúchange my tune,‚Äù but I‚Äôd certainly add one helluva ‚ÄúBUT...‚Äù to any recommendation I gave towards buying a Tesla."
jayfaerber,2019-01-02,20:51:06,Lemme talk to the missus.
richardkahan,2019-01-02,20:45:57,"Not cool, hope you get your car back soon, Jay. On a related note: coming from a zero Tesla household, I am interested in you adopting me."
jayfaerber,2019-01-02,20:44:03,"They should. But they‚Äôre not idiot (me)-proof. I had backed up near a post and stopped, then decided to leave the parking lot and forgot the post was behind me ‚Äî I was only inches from the post so it was too fast for the sensors to beep. Just a bonehead move. Not Tesla‚Äôs fault."
jayfaerber,2019-01-02,20:01:53,"I used to sing @Tesla‚Äôs praises to anyone considering buying one. Now? I‚Äôm not so sure. If Tesla‚Äôs able to step up and help rectify this (like find a way to fast track those parts, or even give me a loaner), I might change my tune. But this has been a horrible experience. 7/7"
jayfaerber,2019-01-02,19:59:18,@Tesla‚Äôs customer support was fantastic while ordering and taking delivery of my car. But now? Now that I own the car and it needs to be repaired? Nada. I‚Äôve talked with reps on the phone who promise to put me in touch with ‚Äúregional advocates‚Äù who never get in touch. 6/
jayfaerber,2019-01-02,19:57:52,"So it‚Äôll be 4+ months that it‚Äôs taken to fix this thing. Meanwhile, @Tesla is delivering Model 3s that within 1 week of ordering!! And yet it‚Äôs taking months and months to get the parts for my car. 5/  pic.twitter.com/5ipdJJ981U"
jayfaerber,2019-01-02,19:53:29,"Back in early October, I backed into a post. Stupid, stupid. But it happened, and my rear bumper was dented. Still driveable, etc. So I called @Tesla and they recommended a Tesla-certified body shop. I took photos of the damage, and they sent me an estimate. 2/?  pic.twitter.com/YAZRuNRTtB"
jayfaerber,2019-01-02,19:49:57,"I‚Äôve got a gripe with @Tesla. And lemme acknowledge upfront that this is a high class problem. But it‚Äôs a problem nonetheless.   I‚Äôm in a two-Tesla household. My wife has had a Model X for a few years, and I bought my Model 3 a year ago. Literally picked it up on January 2nd. 1/?"
wired,2019-01-02,19:14:43,".@Tesla's cars just got cheaper‚Äîbut also more expensive. Yes, it's weird, but for some Tesla customers, it might actually work out.  https://wired.trib.al/3ePWUwT¬†"
therealautoblog,2019-01-02,19:10:00,".@GM and @Tesla may have maxed out on the federal #EV tax credit, but here is a list of other electrics and #PHEVs that are still eligible for the full $7,500:  http://bit.ly/2Vsms6L¬† pic.twitter.com/VH7WCoHIzQ"
dannyfortson,2019-01-02,18:54:49,"It's a marathon, etc..."
gerberkawasaki,2019-01-02,18:40:15,They lost only $3750 gave back $2k. But the $2k is off the list price. The benefit doesn‚Äôt come for a year.  So it‚Äôs a wash. Time value of money.
sievertmike,2019-01-02,17:55:27,"Haha, I know! Huge miss, right?"
daiwaka,2019-01-02,17:16:31,I imagine that the recurring service revenue of Netflix and potentially Disney is more appealing.
carsdotcom,2019-01-02,17:00:16,.@Tesla is cutting the prices of its electric cars. See why:  http://po.st/F8WS3f¬† #Tesla pic.twitter.com/o9Nt7aZiZV
fox26houston,2019-01-02,16:17:57,#TheBreak w/ @linadeflorias in for @carolinaszv  Today's Topics #Selfie Wrist Warning @Tesla reducing prices Partial #Government #Shutdown day 12 #HarrisCounty officials sworn in #NationalScienceFictionDay @NASA's #NewHorizon saw #UltimaThule #BabyMama won't pay #BabySitter pic.twitter.com/DdPrR3ih6j
phoebesaid,2019-01-02,16:17:08,"""@Tesla is starting the year with a bitter dose of reality of what it means to be a grown-up car company. While there's still a certain cool factor to owning a Tesla ... the price tag of a Tesla went up by thousands of dollars overnight."" ~ J. Caldwell @edmunds @freep"
danahull,2019-01-02,15:53:01,I don't hate Tesla. Shares fell as soon as the report hit and are now down roughly 7 percent.
therideshareguy,2019-01-02,15:15:09,Great video but the real question is how many @Tesla's did @slye sell during his foray into @Uber driving? :) https://www.youtube.com/watch?time_continue=14&v=0Z3ZjnwbA3s¬†‚Ä¶
digitaltrends,2019-01-02,14:50:02,A @Tesla just got a lil' bit cheaper.   http://bit.ly/2QfFvO5¬†
scottwww,2019-01-02,13:40:33,"One key here besides that the Model 3 is the best selling premium car in the US!, is that 75% of orders came from new @Tesla customers not reservation holders. Totally debunks theory of exhausting a backlog. $TSLA https://www.teslarati.com/tesla-q4-2018-delivery-and-production-report-63k-model-3-delivered-86k-vehicles-produced/¬†‚Ä¶"
motortrend,2019-01-02,13:34:03,"With the price reduction, the @Tesla #Model3 starts at $44,000. The #ModelS now begins at $76,000, while the #ModelX can be had for $82,000. Read more here! https://www.motortrend.com/news/tesla-slashes-prices-by-2000-in-lieu-of-max-ev-tax-credit/¬†‚Ä¶"
youralberta,2019-01-02,13:23:08,"Hi Jonathan, I heard back from my team and currently there isn't anything but as EVs gain more popularity, we will monitor the related infrastructure requirements and market conditions required in order to ensure fair and sustainable uptake."
youralberta,2019-01-02,13:00:45,No problem. Thanks for your patience.
youralberta,2019-01-02,12:58:12,"Sorry Jonathan, I misread your question. I'll pass your question along to our team and get back to you."
jbealmusic,2019-01-02,12:57:28,Of course electric-Greenworks.  And yes gloves and protective gear too.
digitaltrends,2019-01-02,12:50:01,Watch how @ElonMusk and his crew make a @Tesla.    http://bit.ly/2VokjsR¬†
choptopmoseley,2019-01-02,12:23:32,"Boy, investing in @Tesla is living the Myth of Sisyphus. When you finally roll that rock to the top of the mountain, it rolls back down to the bottom, and you have to start all over again."
dannyhackett,2019-01-02,12:20:32,"Ah, I don‚Äôt think I‚Äôd be welcome then üò≠"
dannyhackett,2019-01-02,12:12:05,Which former Bexley Councillor has a @Tesla and how can I get a ride? üëÄ  https://twitter.com/BonkersBexley/status/1080482136333930497¬†‚Ä¶
adamzwiner,2019-01-02,11:49:46,I realize @Tesla stocks are down today but December was their best month in what was already a banner year. Numbers from automakers still coming in.  https://insideevs.com/monthly-plug-in-sales-scorecard/¬†‚Ä¶ #CleanerCars pic.twitter.com/y46OlBE9fT
caranddriver,2019-01-02,11:45:45,"As its tax-credit phaseout takes effect, @Tesla cuts prices on the Model 3, S, and X:  http://crdrv.co/OoNvIGU¬† pic.twitter.com/ri3wMWDmxH"
lizclaman,2019-01-02,11:37:41,"Happy New Year! I'm back, I can't wait to see you guys 3pET @ClamanCountdown Markets making a comeback, Nasdaq has turned positive & we've got 2 tech heads on fighting tech bears, they'll make big 2019 projections @KevinRKelly_ @russellholly + @tesla High Freq controversy &more!"
youralberta,2019-01-02,11:34:59,"Hi Johnathan, the CRA will normally send out payments on Jan. 5. If you are eligible for the rebate but have not received your payment, wait 10 working days and call 1-800-959-2809."
keithnaughton,2019-01-02,11:31:03,'@Tesla came up shy of bull expectations' No #HappyNewYear for @ElonMusk As Tesla Shares Sink on Fears #Model3 Price-Cut Suggests Sales Have Hit a Ceiling @danahull @crtrud $TSLA #autosales  https://www.bloomberg.com/news/articles/2019-01-02/tesla-cuts-prices-as-model-3-deliveries-narrowly-miss-estimates¬†‚Ä¶ via @business
peeyush,2019-01-02,11:19:43,Loving the new weather controls in @Tesla app  pic.twitter.com/YR5Aelhsl7
disinformatico,2019-01-02,11:12:31,"Specificamente: ""we are taking steps to partially absorb the reduction of the federal EV tax credit...Starting today, we are reducing the price of Model S, Model X and Model 3 vehicles in the U.S. by $2,000"". Fonte:  http://ir.tesla.com/node/19336/pdf¬†"
reviewjournal,2019-01-02,11:05:00,".@Tesla said in a statement before the markets opened that it delivered over 245,000 electric cars and SUVs last year, nearly as many as all previous years combined   https://rjnews.is/2Tq05gG¬†"
radioflyer,2019-01-02,11:01:34,"Thank you for your feedback. Our CS Team would like to look into this immediately to help make things better. Please contact our team at customerservice@radioflyer.com or by phone at 1-800-621-7613. Our reps are available M-F, 8 AM - 5 PM CST."
radiobrian,2019-01-02,10:48:00,The price of your next @Tesla just went down @therealautoblog #Model3 #ModelS #ModelX  https://www.autoblog.com/2019/01/02/tesla-2018-production-numbers/?ncid=edlinkusauto00000015¬†‚Ä¶ pic.twitter.com/gdBjxtpKnj
corbett,2019-01-02,10:28:39,"I think @Tesla is one of those stocks, like heyday Apple, that it is best to divert the money to stock every time you have the urge to buy product. I am bad at this so my portfolio is full of Apple products and a Tesla"
fredericlambert,2019-01-02,10:02:49,It was over 3000. It changed between 3300 and 4000 on Sunday. Headline perfectly accurate.
digitaltrends,2019-01-02,09:43:05,Mesmerizing time-lapse video shows how @Tesla makes a Model 3  http://bit.ly/2GR1lYM¬†
samabuelsamid,2019-01-02,09:22:46,"It's likely one of two things, either Tesla is picking sites with insufficient capacity to support all chargers at full speed or throttling to avoid demand charges. Free high speed charging is actually very expensive to provide https://www.renewableenergyworld.com/articles/2017/06/making-sense-of-demand-charges-what-are-they-and-how-do-they-work.html¬†‚Ä¶"
sameepa,2019-01-02,09:14:48,"As @tesla gets new board members, wonder if that'll help allay its business & perception problems? Defer to board expert @Betsy_Atkins here https://twitter.com/TheDomino/status/1080464229549965312¬†‚Ä¶"
sentieo,2019-01-02,09:02:16,"the $TSLA @tesla numbers in the 8-K  - 86,555 vehicles produced in Q4 - 90,700 vehicles delivered - price cut in response to the reduction of the federal tax incentives  pic.twitter.com/uetTTey9O2"
renaultze,2019-01-02,04:54:11,"Hello, We apologize for the issues you are experiencing with the iOS app. We have forwarded this information internally to our technical team, and will try to get it resolved as soon as possible. Thank you! The Renault ZE Team"
samantar,2019-01-02,00:01:44,Good point. Elon accomplished far more with the SEC. He paid $20 million to the SEC while I paid a mere $20k. $TSLAQ $TSLA
nicolepence,2019-01-01,22:54:51,"#TwinningOnATuesday Andrew‚Äôs response sums up Christmas morning ... and life with Twins overall! üë¨üòÜ #need2ofeverything   ‚ÄúI wish I had one, too!‚Äù  ‚ÄúYou are all going to share the car ... (Andrew‚Äôs foot hits the gas pedal) DADA!‚Äù üèéüò≥ü§¨ @jedwardbecker @Tesla @BlippiOfficial pic.twitter.com/xOoNy4UpSm"
jbealmusic,2019-01-01,21:38:21,"Doing some fire prevention brush clearing in northern CA with my trusty @Tesla model3 Thanks @elonmusk for the supercharging post fires in CA, and 1 amazing car - looking forward to doing the same with a model Y in the future- pass through seats make for a very handy hatchback. pic.twitter.com/Bau1PN7iTT"
jimcarroll,2019-01-01,20:53:21,"@FredericLambert Re @Tesla and ICE‚Äôing: The whole point is for them to give the finger to progress, anything that defies their narrow world view.   Read this article. That‚Äôs the mindset. It will probably get worse.   https://www.nytimes.com/2016/09/05/business/energy-environment/rolling-coal-in-diesel-trucks-to-rebel-and-provoke.html¬†‚Ä¶"
techau,2019-01-01,20:48:58,@Tesla ready to get L plates :)  https://twitter.com/EPro/status/1080208586909732864¬†‚Ä¶
fredericlambert,2019-01-01,19:21:25,"This is putting vehicles in transit in the same boat as unsold inventory. it makes no sense. Also, our article was only about Model 3's. Please don't use our information to misinform people."
jason,2019-01-01,18:39:18,"I don't use it on the @tesla, use it in our minivan. @tesla has a camera built in now, but it hasn't been connected to the cloud yet.   it would be trivial for @elonmusk to make the Model 3 camera a cloud DVR since there is an LTE connection in every Telsa (& sensors all around)."
kimbal,2019-01-01,15:13:55,Yeah üëä 2018 will be one to remember for every Tesla team member! Nice work @tesla !  https://twitter.com/elonmusk/status/1080000130407776264¬†‚Ä¶
_chrispope,2019-01-01,14:57:59,"Hey Elon, I wouldn't mind one either."
whatsinside,2019-01-01,13:55:25,Good idea!
maithreyi_s,2019-01-01,13:05:29,"I‚Äôm guessing someone somewhere will make this worse by saying to you, good things come to those that wait ü§¶‚Äç‚ôÄÔ∏è"
autocar,2019-01-01,08:01:04,"Video: one of the most exciting cars hitting UK roads in 2019 is the @Tesla Model 3, which will need to bat off rivals from Mercedes and BMW to be truly competitive.   Find out what we thought when we drove the EV for the first time:  https://buff.ly/2ST0EiH¬† pic.twitter.com/UxDy8XIB3C"
vimalsumbly,2019-01-01,04:18:13,Congratulations .@elonmusk and team & also to all tesla enthusiasts around the world who believe in something new
elonmusk,2019-01-01,02:17:51,Congratulations @Tesla team!!  pic.twitter.com/PBr9VVBv1S
dennishegstad,2019-01-01,00:30:33,Fair but still doesn‚Äôt resolve our issues üòÇ I need that spoiler pic.twitter.com/4rJy8ey1F7
dennishegstad,2019-01-01,00:26:37,"Really? When? I took ownership of my dual motor performance model 3, about 2 1/2 months ago. still no reply from support on delivery for spoiler :("
